timestamp,open,high,low,close,volume,amount
2025-06-11 00:00:00.000000,22193.0,22195.0,22192.0,22194.0,72,1597935.0
2025-06-11 00:01:00.000000,22192.0,22196.0,22190.0,22194.0,99,2197074.0
2025-06-11 00:02:00.000000,22194.0,22210.0,22194.0,22208.0,412,9148230.0
2025-06-11 00:03:00.000000,22208.0,22215.0,22207.0,22209.0,182,4042434.0
2025-06-11 00:04:00.000000,22209.0,22213.0,22203.0,22203.0,125,2776020.0
2025-06-11 00:05:00.000000,22204.0,22210.0,22202.0,22207.0,82,1820788.0
2025-06-11 00:06:00.000000,22208.0,22215.0,22205.0,22209.0,105,2332060.0
2025-06-11 00:07:00.000000,22208.0,22210.0,22205.0,22207.0,47,1043756.0
2025-06-11 00:08:00.000000,22207.0,22209.0,22207.0,22208.0,36,799480.0
2025-06-11 00:09:00.000000,22208.0,22209.0,22205.0,22205.0,37,821640.0
2025-06-11 00:10:00.000000,22206.0,22206.0,22202.0,22203.0,45,999191.0
2025-06-11 00:11:00.000000,22203.0,22206.0,22199.0,22203.0,98,2175723.0
2025-06-11 00:12:00.000000,22204.0,22208.0,22203.0,22203.0,44,977064.0
2025-06-11 00:13:00.000000,22205.0,22206.0,22193.0,22196.0,81,1798065.0
2025-06-11 00:14:00.000000,22196.0,22199.0,22196.0,22198.0,67,1487219.0
2025-06-11 00:15:00.000000,22198.0,22205.0,22198.0,22204.0,61,1354252.0
2025-06-11 00:16:00.000000,22204.0,22205.0,22199.0,22200.0,61,1354392.0
2025-06-11 00:17:00.000000,22200.0,22211.0,22200.0,22209.0,64,1421196.0
2025-06-11 00:18:00.000000,22208.0,22212.0,22206.0,22209.0,62,1377029.0
2025-06-11 00:19:00.000000,22209.0,22212.0,22208.0,22212.0,45,999441.0
2025-06-11 00:20:00.000000,22212.0,22214.0,22209.0,22209.0,48,1066167.0
2025-06-11 00:21:00.000000,22209.0,22211.0,22204.0,22211.0,43,954931.0
2025-06-11 00:22:00.000000,22211.0,22211.0,22204.0,22207.0,29,644006.0
2025-06-11 00:23:00.000000,22208.0,22209.0,22206.0,22206.0,15,333112.0
2025-06-11 00:24:00.000000,22206.0,22208.0,22205.0,22205.0,17,377507.0
2025-06-11 00:25:00.000000,22205.0,22215.0,22205.0,22212.0,49,1088388.0
2025-06-11 00:26:00.000000,22212.0,22214.0,22206.0,22206.0,55,1221572.0
2025-06-11 00:27:00.000000,22207.0,22212.0,22206.0,22211.0,16,355348.0
2025-06-11 00:28:00.000000,22212.0,22214.0,22209.0,22214.0,68,1510410.0
2025-06-11 00:29:00.000000,22213.0,22221.0,22213.0,22219.0,184,4088172.0
2025-06-11 00:30:00.000000,22217.0,22217.0,22213.0,22216.0,41,910834.0
2025-06-11 00:31:00.000000,22216.0,22220.0,22215.0,22215.0,53,1177531.0
2025-06-11 00:32:00.000000,22213.0,22215.0,22212.0,22213.0,28,621968.0
2025-06-11 00:33:00.000000,22214.0,22222.0,22214.0,22221.0,64,1422076.0
2025-06-11 00:34:00.000000,22221.0,22222.0,22219.0,22221.0,60,1333219.0
2025-06-11 00:35:00.000000,22219.0,22220.0,22217.0,22217.0,27,599909.0
2025-06-11 00:36:00.000000,22218.0,22218.0,22213.0,22213.0,24,533155.0
2025-06-11 00:37:00.000000,22213.0,22214.0,22209.0,22214.0,67,1488136.0
2025-06-11 00:38:00.000000,22212.0,22215.0,22212.0,22212.0,25,555347.0
2025-06-11 00:39:00.000000,22211.0,22211.0,22207.0,22207.0,33,732883.0
2025-06-11 00:40:00.000000,22209.0,22210.0,22206.0,22207.0,30,666227.0
2025-06-11 00:41:00.000000,22207.0,22211.0,22204.0,22210.0,62,1376855.0
2025-06-11 00:42:00.000000,22210.0,22217.0,22210.0,22213.0,28,621996.0
2025-06-11 00:43:00.000000,22213.0,22217.0,22212.0,22216.0,23,510943.0
2025-06-11 00:44:00.000000,22216.0,22216.0,22215.0,22216.0,11,244370.0
2025-06-11 00:45:00.000000,22215.0,22215.0,22213.0,22213.0,17,377638.0
2025-06-11 00:46:00.000000,22212.0,22212.0,22208.0,22211.0,45,999442.0
2025-06-11 00:47:00.000000,22212.0,22216.0,22210.0,22216.0,34,755226.0
2025-06-11 00:48:00.000000,22216.0,22221.0,22216.0,22220.0,55,1222056.0
2025-06-11 00:49:00.000000,22220.0,22220.0,22214.0,22214.0,25,555446.0
2025-06-11 00:50:00.000000,22215.0,22216.0,22215.0,22216.0,10,222152.0
2025-06-11 00:51:00.000000,22218.0,22222.0,22217.0,22222.0,40,888838.0
2025-06-11 00:52:00.000000,22221.0,22230.0,22221.0,22230.0,173,3845232.0
2025-06-11 00:53:00.000000,22230.0,22232.0,22228.0,22231.0,64,1422715.0
2025-06-11 00:54:00.000000,22232.0,22232.0,22230.0,22231.0,36,800326.0
2025-06-11 00:55:00.000000,22230.0,22231.0,22228.0,22228.0,51,1133693.0
2025-06-11 00:56:00.000000,22228.0,22232.0,22228.0,22229.0,51,1133714.0
2025-06-11 00:57:00.000000,22230.0,22230.0,22222.0,22226.0,53,1177922.0
2025-06-11 00:58:00.000000,22226.0,22229.0,22225.0,22225.0,17,377844.0
2025-06-11 00:59:00.000000,22225.0,22228.0,22225.0,22227.0,15,333398.0
2025-06-11 01:00:00.000000,22227.0,22227.0,22227.0,22227.0,6,133362.0
2025-06-11 01:01:00.000000,22226.0,22228.0,22220.0,22221.0,44,977850.0
2025-06-11 01:02:00.000000,22221.0,22222.0,22219.0,22220.0,32,711048.0
2025-06-11 01:03:00.000000,22220.0,22222.0,22216.0,22216.0,35,777674.0
2025-06-11 01:04:00.000000,22217.0,22222.0,22217.0,22222.0,41,910967.0
2025-06-11 01:05:00.000000,22222.0,22227.0,22220.0,22224.0,49,1088951.0
2025-06-11 01:06:00.000000,22224.0,22226.0,22223.0,22225.0,12,266693.0
2025-06-11 01:07:00.000000,22225.0,22225.0,22222.0,22222.0,27,600026.0
2025-06-11 01:08:00.000000,22222.0,22226.0,22219.0,22225.0,17,377799.0
2025-06-11 01:09:00.000000,22226.0,22230.0,22226.0,22230.0,25,555722.0
2025-06-11 01:10:00.000000,22231.0,22233.0,22230.0,22230.0,49,1089371.0
2025-06-11 01:11:00.000000,22231.0,22235.0,22231.0,22235.0,55,1222849.0
2025-06-11 01:12:00.000000,22233.0,22238.0,22232.0,22238.0,82,1823276.0
2025-06-11 01:13:00.000000,22237.0,22238.0,22236.0,22238.0,28,622634.0
2025-06-11 01:14:00.000000,22238.0,22240.0,22237.0,22237.0,56,1245374.0
2025-06-11 01:15:00.000000,22237.0,22238.0,22230.0,22233.0,50,1111636.0
2025-06-11 01:16:00.000000,22234.0,22235.0,22228.0,22229.0,36,800293.0
2025-06-11 01:17:00.000000,22230.0,22231.0,22226.0,22226.0,19,422346.0
2025-06-11 01:18:00.000000,22228.0,22228.0,22224.0,22225.0,28,622314.0
2025-06-11 01:19:00.000000,22225.0,22228.0,22224.0,22227.0,22,488966.0
2025-06-11 01:20:00.000000,22225.0,22225.0,22215.0,22218.0,74,1644127.0
2025-06-11 01:21:00.000000,22216.0,22224.0,22215.0,22224.0,62,1377587.0
2025-06-11 01:22:00.000000,22223.0,22224.0,22222.0,22223.0,10,222233.0
2025-06-11 01:23:00.000000,22223.0,22224.0,22221.0,22222.0,17,377781.0
2025-06-11 01:24:00.000000,22223.0,22223.0,22220.0,22220.0,14,311108.0
2025-06-11 01:25:00.000000,22219.0,22220.0,22218.0,22218.0,12,266625.0
2025-06-11 01:26:00.000000,22218.0,22222.0,22218.0,22222.0,26,577739.0
2025-06-11 01:27:00.000000,22221.0,22221.0,22213.0,22217.0,55,1221865.0
2025-06-11 01:28:00.000000,22216.0,22217.0,22215.0,22216.0,12,266597.0
2025-06-11 01:29:00.000000,22215.0,22215.0,22211.0,22214.0,67,1488280.0
2025-06-11 01:30:00.000000,22216.0,22216.0,22209.0,22209.0,37,821801.0
2025-06-11 01:31:00.000000,22209.0,22212.0,22205.0,22208.0,93,2065326.0
2025-06-11 01:32:00.000000,22208.0,22213.0,22208.0,22213.0,31,688508.0
2025-06-11 01:33:00.000000,22211.0,22216.0,22211.0,22214.0,14,310993.0
2025-06-11 01:34:00.000000,22214.0,22214.0,22208.0,22208.0,34,755204.0
2025-06-11 01:35:00.000000,22209.0,22212.0,22208.0,22211.0,23,510814.0
2025-06-11 01:36:00.000000,22211.0,22214.0,22210.0,22213.0,19,422027.0
2025-06-11 01:37:00.000000,22212.0,22213.0,22205.0,22205.0,27,599640.0
2025-06-11 01:38:00.000000,22205.0,22208.0,22204.0,22206.0,25,555136.0
2025-06-11 01:39:00.000000,22206.0,22207.0,22205.0,22206.0,11,244267.0
2025-06-11 01:40:00.000000,22205.0,22207.0,22202.0,22207.0,35,777140.0
2025-06-11 01:41:00.000000,22207.0,22209.0,22197.0,22199.0,90,1998088.0
2025-06-11 01:42:00.000000,22199.0,22205.0,22197.0,22204.0,52,1154463.0
2025-06-11 01:43:00.000000,22204.0,22204.0,22198.0,22199.0,25,555015.0
2025-06-11 01:44:00.000000,22201.0,22201.0,22197.0,22197.0,17,377373.0
2025-06-11 01:45:00.000000,22198.0,22199.0,22197.0,22197.0,18,399555.0
2025-06-11 01:46:00.000000,22197.0,22201.0,22197.0,22201.0,26,577142.0
2025-06-11 01:47:00.000000,22200.0,22200.0,22198.0,22199.0,26,577177.0
2025-06-11 01:48:00.000000,22198.0,22198.0,22194.0,22197.0,52,1154183.0
2025-06-11 01:49:00.000000,22195.0,22198.0,22192.0,22198.0,47,1043182.0
2025-06-11 01:50:00.000000,22197.0,22204.0,22196.0,22204.0,35,776993.0
2025-06-11 01:51:00.000000,22204.0,22210.0,22202.0,22210.0,36,799423.0
2025-06-11 01:52:00.000000,22210.0,22212.0,22208.0,22208.0,37,821758.0
2025-06-11 01:53:00.000000,22207.0,22208.0,22203.0,22208.0,22,488516.0
2025-06-11 01:54:00.000000,22209.0,22214.0,22209.0,22211.0,22,488663.0
2025-06-11 01:55:00.000000,22210.0,22210.0,22205.0,22208.0,15,333108.0
2025-06-11 01:56:00.000000,22209.0,22211.0,22209.0,22209.0,5,111047.0
2025-06-11 01:57:00.000000,22208.0,22208.0,22206.0,22206.0,13,288696.0
2025-06-11 01:58:00.000000,22205.0,22205.0,22198.0,22200.0,21,466222.0
2025-06-11 01:59:00.000000,22200.0,22202.0,22200.0,22202.0,7,155409.0
2025-06-11 02:00:00.000000,22202.0,22202.0,22197.0,22199.0,14,310788.0
2025-06-11 02:01:00.000000,22197.0,22197.0,22176.0,22193.0,278,6167386.0
2025-06-11 02:02:00.000000,22191.0,22191.0,22183.0,22189.0,76,1686221.0
2025-06-11 02:03:00.000000,22185.0,22198.0,22185.0,22196.0,69,1531173.0
2025-06-11 02:04:00.000000,22195.0,22197.0,22192.0,22197.0,28,621451.0
2025-06-11 02:05:00.000000,22196.0,22197.0,22189.0,22189.0,25,554806.0
2025-06-11 02:06:00.000000,22190.0,22193.0,22183.0,22192.0,49,1087168.0
2025-06-11 02:07:00.000000,22192.0,22195.0,22189.0,22195.0,35,776732.0
2025-06-11 02:08:00.000000,22196.0,22200.0,22194.0,22200.0,30,665933.0
2025-06-11 02:09:00.000000,22201.0,22203.0,22199.0,22199.0,16,355214.0
2025-06-11 02:10:00.000000,22198.0,22202.0,22198.0,22199.0,17,377397.0
2025-06-11 02:11:00.000000,22199.0,22200.0,22195.0,22196.0,35,776888.0
2025-06-11 02:12:00.000000,22196.0,22196.0,22192.0,22194.0,14,310709.0
2025-06-11 02:13:00.000000,22192.0,22193.0,22192.0,22193.0,6,133155.0
2025-06-11 02:14:00.000000,22194.0,22200.0,22194.0,22200.0,31,688096.0
2025-06-11 02:15:00.000000,22202.0,22206.0,22202.0,22204.0,24,532901.0
2025-06-11 02:16:00.000000,22204.0,22212.0,22204.0,22208.0,50,1110452.0
2025-06-11 02:17:00.000000,22208.0,22214.0,22208.0,22210.0,45,999525.0
2025-06-11 02:18:00.000000,22209.0,22212.0,22208.0,22211.0,10,222099.0
2025-06-11 02:19:00.000000,22211.0,22216.0,22211.0,22216.0,27,599804.0
2025-06-11 02:20:00.000000,22215.0,22220.0,22214.0,22216.0,25,555429.0
2025-06-11 02:21:00.000000,22216.0,22218.0,22215.0,22215.0,33,733151.0
2025-06-11 02:22:00.000000,22215.0,22215.0,22214.0,22214.0,15,333220.0
2025-06-11 02:23:00.000000,22215.0,22216.0,22215.0,22216.0,12,266587.0
2025-06-11 02:24:00.000000,22215.0,22215.0,22215.0,22215.0,1,22215.0
2025-06-11 02:25:00.000000,22217.0,22219.0,22217.0,22218.0,7,155525.0
2025-06-11 02:26:00.000000,22218.0,22219.0,22217.0,22218.0,10,222186.0
2025-06-11 02:27:00.000000,22219.0,22223.0,22219.0,22223.0,36,799957.0
2025-06-11 02:28:00.000000,22222.0,22222.0,22215.0,22216.0,15,333276.0
2025-06-11 02:29:00.000000,22216.0,22218.0,22213.0,22215.0,24,533174.0
2025-06-11 02:30:00.000000,22216.0,22220.0,22216.0,22220.0,8,177748.0
2025-06-11 02:31:00.000000,22222.0,22225.0,22222.0,22224.0,37,822250.0
2025-06-11 02:32:00.000000,22222.0,22226.0,22222.0,22226.0,20,444482.0
2025-06-11 02:33:00.000000,22225.0,22228.0,22224.0,22224.0,26,577885.0
2025-06-11 02:34:00.000000,22225.0,22225.0,22220.0,22220.0,14,311109.0
2025-06-11 02:35:00.000000,22221.0,22224.0,22220.0,22223.0,9,199998.0
2025-06-11 02:36:00.000000,22223.0,22224.0,22222.0,22222.0,6,133336.0
2025-06-11 02:37:00.000000,22224.0,22228.0,22224.0,22228.0,17,377838.0
2025-06-11 02:38:00.000000,22228.0,22229.0,22225.0,22225.0,12,266730.0
2025-06-11 02:39:00.000000,22228.0,22228.0,22228.0,22228.0,7,155596.0
2025-06-11 02:40:00.000000,22228.0,22229.0,22222.0,22225.0,16,355596.0
2025-06-11 02:41:00.000000,22227.0,22229.0,22227.0,22229.0,3,66684.0
2025-06-11 02:43:00.000000,22226.0,22227.0,22225.0,22225.0,9,200035.0
2025-06-11 02:44:00.000000,22225.0,22227.0,22225.0,22227.0,16,355625.0
2025-06-11 02:45:00.000000,22229.0,22229.0,22227.0,22227.0,9,200056.0
2025-06-11 02:46:00.000000,22229.0,22230.0,22227.0,22227.0,11,244520.0
2025-06-11 02:47:00.000000,22226.0,22226.0,22225.0,22225.0,10,222251.0
2025-06-11 02:48:00.000000,22225.0,22228.0,22224.0,22228.0,12,266710.0
2025-06-11 02:49:00.000000,22228.0,22228.0,22226.0,22226.0,16,355641.0
2025-06-11 02:50:00.000000,22226.0,22227.0,22226.0,22227.0,5,111131.0
2025-06-11 02:51:00.000000,22228.0,22232.0,22227.0,22232.0,37,822490.0
2025-06-11 02:52:00.000000,22232.0,22234.0,22232.0,22234.0,27,600291.0
2025-06-11 02:53:00.000000,22235.0,22239.0,22235.0,22237.0,36,800513.0
2025-06-11 02:54:00.000000,22237.0,22244.0,22237.0,22244.0,155,3447442.0
2025-06-11 02:55:00.000000,22244.0,22245.0,22243.0,22245.0,24,533862.0
2025-06-11 02:56:00.000000,22245.0,22248.0,22244.0,22246.0,62,1379250.0
2025-06-11 02:57:00.000000,22247.0,22276.0,22245.0,22269.0,992,22083596.0
2025-06-11 02:58:00.000000,22270.0,22270.0,22263.0,22266.0,127,2827887.0
2025-06-11 02:59:00.000000,22267.0,22274.0,22266.0,22274.0,58,1291687.0
2025-06-11 03:00:00.000000,22274.0,22274.0,22268.0,22269.0,54,1202604.0
2025-06-11 03:01:00.000000,22269.0,22277.0,22268.0,22274.0,79,1759594.0
2025-06-11 03:02:00.000000,22274.0,22276.0,22272.0,22273.0,31,690484.0
2025-06-11 03:03:00.000000,22273.0,22278.0,22272.0,22277.0,72,1603891.0
2025-06-11 03:04:00.000000,22277.0,22280.0,22276.0,22277.0,50,1113953.0
2025-06-11 03:05:00.000000,22278.0,22286.0,22278.0,22283.0,142,3164119.0
2025-06-11 03:06:00.000000,22286.0,22295.0,22284.0,22295.0,301,6709414.0
2025-06-11 03:07:00.000000,22294.0,22297.0,22287.0,22290.0,125,2786644.0
2025-06-11 03:08:00.000000,22291.0,22291.0,22286.0,22290.0,27,601807.0
2025-06-11 03:09:00.000000,22291.0,22291.0,22287.0,22290.0,28,624091.0
2025-06-11 03:10:00.000000,22288.0,22291.0,22288.0,22291.0,36,802416.0
2025-06-11 03:11:00.000000,22291.0,22294.0,22290.0,22294.0,87,1939412.0
2025-06-11 03:12:00.000000,22295.0,22296.0,22289.0,22291.0,58,1292975.0
2025-06-11 03:13:00.000000,22295.0,22295.0,22292.0,22294.0,29,646508.0
2025-06-11 03:14:00.000000,22295.0,22299.0,22295.0,22296.0,72,1605392.0
2025-06-11 03:15:00.000000,22295.0,22297.0,22291.0,22291.0,40,891791.0
2025-06-11 03:16:00.000000,22291.0,22294.0,22284.0,22285.0,64,1426444.0
2025-06-11 03:17:00.000000,22285.0,22286.0,22281.0,22283.0,30,668519.0
2025-06-11 03:18:00.000000,22284.0,22284.0,22275.0,22277.0,72,1604188.0
2025-06-11 03:19:00.000000,22277.0,22285.0,22277.0,22285.0,35,779790.0
2025-06-11 03:20:00.000000,22285.0,22288.0,22285.0,22286.0,17,378864.0
2025-06-11 03:21:00.000000,22284.0,22285.0,22281.0,22283.0,18,401094.0
2025-06-11 03:22:00.000000,22283.0,22285.0,22283.0,22285.0,15,334257.0
2025-06-11 03:23:00.000000,22285.0,22288.0,22285.0,22288.0,22,490313.0
2025-06-11 03:24:00.000000,22288.0,22289.0,22285.0,22289.0,19,423455.0
2025-06-11 03:25:00.000000,22288.0,22290.0,22287.0,22289.0,13,289752.0
2025-06-11 03:26:00.000000,22289.0,22290.0,22287.0,22290.0,19,423475.0
2025-06-11 03:27:00.000000,22292.0,22294.0,22290.0,22294.0,32,713364.0
2025-06-11 03:28:00.000000,22293.0,22297.0,22291.0,22297.0,30,668833.0
2025-06-11 03:29:00.000000,22296.0,22297.0,22294.0,22296.0,24,535097.0
2025-06-11 03:30:00.000000,22295.0,22297.0,22295.0,22297.0,11,245257.0
2025-06-11 03:31:00.000000,22296.0,22296.0,22288.0,22288.0,49,1092287.0
2025-06-11 03:32:00.000000,22287.0,22288.0,22284.0,22286.0,18,401136.0
2025-06-11 03:33:00.000000,22285.0,22286.0,22281.0,22286.0,34,757615.0
2025-06-11 03:34:00.000000,22286.0,22290.0,22286.0,22287.0,25,557198.0
2025-06-11 03:35:00.000000,22290.0,22292.0,22289.0,22290.0,16,356648.0
2025-06-11 03:36:00.000000,22289.0,22289.0,22287.0,22288.0,19,423478.0
2025-06-11 03:37:00.000000,22288.0,22289.0,22284.0,22284.0,18,401152.0
2025-06-11 03:38:00.000000,22286.0,22287.0,22285.0,22285.0,10,222858.0
2025-06-11 03:39:00.000000,22287.0,22287.0,22283.0,22283.0,16,356564.0
2025-06-11 03:40:00.000000,22283.0,22286.0,22280.0,22286.0,32,713053.0
2025-06-11 03:41:00.000000,22286.0,22290.0,22286.0,22286.0,20,445735.0
2025-06-11 03:42:00.000000,22285.0,22286.0,22283.0,22283.0,22,490253.0
2025-06-11 03:43:00.000000,22283.0,22283.0,22277.0,22279.0,29,646137.0
2025-06-11 03:44:00.000000,22281.0,22284.0,22281.0,22283.0,7,155976.0
2025-06-11 03:45:00.000000,22284.0,22287.0,22284.0,22286.0,9,200566.0
2025-06-11 03:46:00.000000,22286.0,22288.0,22284.0,22288.0,12,267443.0
2025-06-11 03:47:00.000000,22290.0,22293.0,22288.0,22288.0,17,378952.0
2025-06-11 03:48:00.000000,22286.0,22286.0,22284.0,22284.0,4,89140.0
2025-06-11 03:49:00.000000,22288.0,22290.0,22288.0,22288.0,7,156022.0
2025-06-11 03:50:00.000000,22287.0,22287.0,22282.0,22282.0,16,356549.0
2025-06-11 03:51:00.000000,22283.0,22288.0,22283.0,22286.0,28,623962.0
2025-06-11 03:52:00.000000,22287.0,22291.0,22287.0,22291.0,26,579497.0
2025-06-11 03:53:00.000000,22291.0,22291.0,22285.0,22288.0,37,824633.0
2025-06-11 03:54:00.000000,22285.0,22286.0,22275.0,22278.0,53,1180837.0
2025-06-11 03:55:00.000000,22279.0,22294.0,22278.0,22294.0,43,958397.0
2025-06-11 03:56:00.000000,22294.0,22299.0,22289.0,22297.0,64,1426935.0
2025-06-11 03:57:00.000000,22298.0,22302.0,22297.0,22298.0,254,5664150.0
2025-06-11 03:58:00.000000,22300.0,22301.0,22297.0,22301.0,22,490577.0
2025-06-11 03:59:00.000000,22299.0,22300.0,22292.0,22294.0,38,847274.0
2025-06-11 04:00:00.000000,22295.0,22298.0,22292.0,22298.0,29,646568.0
2025-06-11 04:01:00.000000,22294.0,22298.0,22290.0,22290.0,48,1070075.0
2025-06-11 04:02:00.000000,22291.0,22295.0,22286.0,22289.0,43,958460.0
2025-06-11 04:03:00.000000,22289.0,22290.0,22286.0,22287.0,10,222879.0
2025-06-11 04:04:00.000000,22290.0,22290.0,22290.0,22290.0,1,22290.0
2025-06-11 04:05:00.000000,22290.0,22295.0,22290.0,22291.0,27,601906.0
2025-06-11 04:06:00.000000,22290.0,22293.0,22290.0,22290.0,21,468112.0
2025-06-11 04:07:00.000000,22290.0,22290.0,22290.0,22290.0,5,111450.0
2025-06-11 04:08:00.000000,22292.0,22293.0,22291.0,22291.0,5,111460.0
2025-06-11 04:09:00.000000,22293.0,22293.0,22291.0,22293.0,4,89170.0
2025-06-11 04:10:00.000000,22291.0,22294.0,22291.0,22294.0,5,111462.0
2025-06-11 04:11:00.000000,22294.0,22295.0,22291.0,22292.0,27,601917.0
2025-06-11 04:12:00.000000,22293.0,22293.0,22293.0,22293.0,2,44586.0
2025-06-11 04:13:00.000000,22294.0,22295.0,22294.0,22295.0,8,178355.0
2025-06-11 04:14:00.000000,22294.0,22294.0,22292.0,22292.0,20,445876.0
2025-06-11 04:15:00.000000,22293.0,22294.0,22292.0,22294.0,12,267520.0
2025-06-11 04:16:00.000000,22294.0,22295.0,22291.0,22293.0,16,356708.0
2025-06-11 04:17:00.000000,22296.0,22297.0,22295.0,22295.0,4,89184.0
2025-06-11 04:18:00.000000,22297.0,22298.0,22297.0,22297.0,8,178380.0
2025-06-11 04:19:00.000000,22298.0,22304.0,22298.0,22303.0,53,1181927.0
2025-06-11 04:20:00.000000,22302.0,22309.0,22302.0,22307.0,78,1739913.0
2025-06-11 04:21:00.000000,22306.0,22307.0,22303.0,22303.0,17,379186.0
2025-06-11 04:22:00.000000,22305.0,22308.0,22304.0,22308.0,19,423822.0
2025-06-11 04:23:00.000000,22308.0,22309.0,22306.0,22307.0,29,646917.0
2025-06-11 04:24:00.000000,22306.0,22307.0,22304.0,22305.0,13,289968.0
2025-06-11 04:25:00.000000,22305.0,22305.0,22300.0,22300.0,21,468375.0
2025-06-11 04:26:00.000000,22300.0,22300.0,22297.0,22299.0,22,490578.0
2025-06-11 04:27:00.000000,22299.0,22302.0,22299.0,22300.0,12,267602.0
2025-06-11 04:28:00.000000,22300.0,22301.0,22300.0,22300.0,16,356804.0
2025-06-11 04:29:00.000000,22300.0,22302.0,22300.0,22302.0,10,223016.0
2025-06-11 04:30:00.000000,22301.0,22301.0,22300.0,22300.0,10,223001.0
2025-06-11 04:31:00.000000,22300.0,22302.0,22297.0,22302.0,18,401380.0
2025-06-11 04:32:00.000000,22301.0,22301.0,22301.0,22301.0,1,22301.0
2025-06-11 04:33:00.000000,22301.0,22301.0,22300.0,22300.0,3,66902.0
2025-06-11 04:34:00.000000,22302.0,22302.0,22297.0,22299.0,10,222990.0
2025-06-11 04:35:00.000000,22299.0,22300.0,22299.0,22299.0,3,66898.0
2025-06-11 04:36:00.000000,22299.0,22300.0,22297.0,22297.0,21,468267.0
2025-06-11 04:37:00.000000,22299.0,22302.0,22299.0,22302.0,16,356819.0
2025-06-11 04:38:00.000000,22303.0,22304.0,22303.0,22304.0,5,111518.0
2025-06-11 04:39:00.000000,22305.0,22307.0,22304.0,22307.0,11,245366.0
2025-06-11 04:40:00.000000,22307.0,22310.0,22304.0,22310.0,47,1048531.0
2025-06-11 04:41:00.000000,22307.0,22310.0,22304.0,22310.0,21,468455.0
2025-06-11 04:42:00.000000,22310.0,22311.0,22307.0,22308.0,14,312333.0
2025-06-11 04:43:00.000000,22308.0,22311.0,22308.0,22310.0,17,379259.0
2025-06-11 04:44:00.000000,22310.0,22311.0,22309.0,22309.0,23,513139.0
2025-06-11 04:45:00.000000,22309.0,22312.0,22308.0,22310.0,14,312345.0
2025-06-11 04:46:00.000000,22310.0,22312.0,22308.0,22308.0,27,602359.0
2025-06-11 04:47:00.000000,22309.0,22309.0,22304.0,22305.0,30,669201.0
2025-06-11 04:48:00.000000,22305.0,22307.0,22305.0,22307.0,9,200753.0
2025-06-11 04:49:00.000000,22307.0,22307.0,22302.0,22303.0,40,892184.0
2025-06-11 04:50:00.000000,22304.0,22306.0,22303.0,22304.0,12,267651.0
2025-06-11 04:51:00.000000,22304.0,22305.0,22300.0,22301.0,52,1159720.0
2025-06-11 04:52:00.000000,22302.0,22302.0,22299.0,22301.0,44,981198.0
2025-06-11 04:53:00.000000,22301.0,22305.0,22301.0,22305.0,13,289940.0
2025-06-11 04:54:00.000000,22303.0,22306.0,22303.0,22306.0,24,535324.0
2025-06-11 04:55:00.000000,22307.0,22309.0,22307.0,22309.0,29,646937.0
2025-06-11 04:56:00.000000,22307.0,22311.0,22307.0,22311.0,21,468488.0
2025-06-11 04:57:00.000000,22311.0,22313.0,22309.0,22312.0,23,513168.0
2025-06-11 04:58:00.000000,22312.0,22313.0,22310.0,22311.0,26,580099.0
2025-06-11 04:59:00.000000,22311.0,22314.0,22310.0,22312.0,76,1695673.0
2025-06-11 05:00:00.000000,22309.0,22316.0,22307.0,22316.0,96,2142060.0
2025-06-11 08:46:00.000000,22300.0,22309.0,22293.0,22306.0,777,17326961.0
2025-06-11 08:47:00.000000,22307.0,22308.0,22280.0,22280.0,661,14734559.0
2025-06-11 08:48:00.000000,22281.0,22283.0,22271.0,22278.0,442,9845905.0
2025-06-11 08:49:00.000000,22280.0,22295.0,22276.0,22290.0,315,7020013.0
2025-06-11 08:50:00.000000,22292.0,22297.0,22286.0,22294.0,238,5305461.0
2025-06-11 08:51:00.000000,22295.0,22299.0,22287.0,22287.0,225,5016234.0
2025-06-11 08:52:00.000000,22286.0,22292.0,22280.0,22284.0,221,4924884.0
2025-06-11 08:53:00.000000,22286.0,22286.0,22275.0,22277.0,290,6461249.0
2025-06-11 08:54:00.000000,22275.0,22276.0,22267.0,22273.0,380,8462886.0
2025-06-11 08:55:00.000000,22273.0,22274.0,22265.0,22269.0,226,5032671.0
2025-06-11 08:56:00.000000,22270.0,22287.0,22267.0,22285.0,243,5413321.0
2025-06-11 08:57:00.000000,22285.0,22295.0,22278.0,22288.0,309,6886726.0
2025-06-11 08:58:00.000000,22290.0,22290.0,22281.0,22287.0,160,3565814.0
2025-06-11 08:59:00.000000,22286.0,22287.0,22278.0,22283.0,124,2762937.0
2025-06-11 09:00:00.000000,22284.0,22311.0,22282.0,22311.0,585,13046338.0
2025-06-11 09:01:00.000000,22310.0,22331.0,22278.0,22323.0,1381,30818110.0
2025-06-11 09:02:00.000000,22321.0,22329.0,22278.0,22279.0,923,20582704.0
2025-06-11 09:03:00.000000,22278.0,22299.0,22267.0,22287.0,634,14125919.0
2025-06-11 09:04:00.000000,22288.0,22292.0,22238.0,22241.0,1303,29002037.0
2025-06-11 09:05:00.000000,22239.0,22265.0,22237.0,22264.0,685,15239230.0
2025-06-11 09:06:00.000000,22266.0,22279.0,22253.0,22265.0,555,12358381.0
2025-06-11 09:07:00.000000,22265.0,22265.0,22243.0,22253.0,576,12816192.0
2025-06-11 09:08:00.000000,22251.0,22262.0,22244.0,22246.0,347,7721367.0
2025-06-11 09:09:00.000000,22244.0,22260.0,22243.0,22252.0,299,6653139.0
2025-06-11 09:10:00.000000,22249.0,22262.0,22248.0,22255.0,227,5051508.0
2025-06-11 09:11:00.000000,22256.0,22263.0,22251.0,22252.0,222,4941440.0
2025-06-11 09:12:00.000000,22251.0,22255.0,22230.0,22231.0,567,12610714.0
2025-06-11 09:13:00.000000,22233.0,22253.0,22230.0,22252.0,383,8518935.0
2025-06-11 09:14:00.000000,22252.0,22256.0,22242.0,22245.0,186,4138430.0
2025-06-11 09:15:00.000000,22246.0,22256.0,22241.0,22254.0,173,3849071.0
2025-06-11 09:16:00.000000,22256.0,22277.0,22251.0,22273.0,656,14606801.0
2025-06-11 09:17:00.000000,22275.0,22280.0,22266.0,22268.0,351,7818300.0
2025-06-11 09:18:00.000000,22268.0,22275.0,22256.0,22264.0,226,5031494.0
2025-06-11 09:19:00.000000,22263.0,22277.0,22263.0,22270.0,154,3429823.0
2025-06-11 09:20:00.000000,22269.0,22271.0,22261.0,22266.0,147,3273117.0
2025-06-11 09:21:00.000000,22265.0,22275.0,22260.0,22261.0,193,4297787.0
2025-06-11 09:22:00.000000,22260.0,22272.0,22255.0,22263.0,164,3651095.0
2025-06-11 09:23:00.000000,22262.0,22267.0,22251.0,22258.0,250,5564358.0
2025-06-11 09:24:00.000000,22259.0,22268.0,22258.0,22263.0,114,2538067.0
2025-06-11 09:25:00.000000,22265.0,22278.0,22262.0,22274.0,218,4855295.0
2025-06-11 09:26:00.000000,22274.0,22284.0,22267.0,22273.0,344,7663853.0
2025-06-11 09:27:00.000000,22273.0,22274.0,22266.0,22273.0,137,3051072.0
2025-06-11 09:28:00.000000,22273.0,22276.0,22260.0,22261.0,154,3429104.0
2025-06-11 09:29:00.000000,22263.0,22284.0,22259.0,22284.0,209,4654963.0
2025-06-11 09:30:00.000000,22284.0,22286.0,22274.0,22285.0,286,6372932.0
2025-06-11 09:31:00.000000,22283.0,22285.0,22259.0,22261.0,289,6435575.0
2025-06-11 09:32:00.000000,22261.0,22268.0,22254.0,22266.0,269,5988060.0
2025-06-11 09:33:00.000000,22267.0,22284.0,22267.0,22271.0,207,4610760.0
2025-06-11 09:34:00.000000,22268.0,22272.0,22263.0,22266.0,86,1915027.0
2025-06-11 09:35:00.000000,22264.0,22264.0,22246.0,22258.0,369,8211402.0
2025-06-11 09:36:00.000000,22255.0,22264.0,22250.0,22262.0,162,3605364.0
2025-06-11 09:37:00.000000,22263.0,22264.0,22256.0,22264.0,75,1669540.0
2025-06-11 09:38:00.000000,22262.0,22273.0,22258.0,22261.0,148,3295538.0
2025-06-11 09:39:00.000000,22262.0,22262.0,22248.0,22249.0,185,4117034.0
2025-06-11 09:40:00.000000,22249.0,22256.0,22245.0,22248.0,199,4427557.0
2025-06-11 09:41:00.000000,22248.0,22255.0,22245.0,22248.0,127,2825667.0
2025-06-11 09:42:00.000000,22247.0,22249.0,22235.0,22246.0,339,7539385.0
2025-06-11 09:43:00.000000,22247.0,22247.0,22216.0,22218.0,616,13692151.0
2025-06-11 09:44:00.000000,22216.0,22229.0,22215.0,22224.0,384,8533524.0
2025-06-11 09:45:00.000000,22225.0,22255.0,22225.0,22254.0,411,9141001.0
2025-06-11 09:46:00.000000,22254.0,22260.0,22245.0,22260.0,507,11281975.0
2025-06-11 09:47:00.000000,22260.0,22261.0,22248.0,22256.0,125,2781905.0
2025-06-11 09:48:00.000000,22257.0,22258.0,22239.0,22250.0,191,4249738.0
2025-06-11 09:49:00.000000,22250.0,22255.0,22241.0,22253.0,142,3159280.0
2025-06-11 09:50:00.000000,22255.0,22266.0,22247.0,22265.0,215,4785849.0
2025-06-11 09:51:00.000000,22265.0,22267.0,22256.0,22267.0,179,3984770.0
2025-06-11 09:52:00.000000,22267.0,22267.0,22250.0,22250.0,180,4006667.0
2025-06-11 09:53:00.000000,22250.0,22257.0,22248.0,22256.0,93,2069524.0
2025-06-11 09:54:00.000000,22252.0,22254.0,22240.0,22246.0,156,3470200.0
2025-06-11 09:55:00.000000,22249.0,22249.0,22235.0,22236.0,153,3402729.0
2025-06-11 09:56:00.000000,22235.0,22242.0,22230.0,22231.0,185,4113447.0
2025-06-11 09:57:00.000000,22232.0,22246.0,22230.0,22242.0,145,3224407.0
2025-06-11 09:58:00.000000,22243.0,22245.0,22235.0,22235.0,87,1934690.0
2025-06-11 09:59:00.000000,22235.0,22245.0,22235.0,22240.0,101,2246221.0
2025-06-11 10:00:00.000000,22241.0,22258.0,22238.0,22257.0,241,5362414.0
2025-06-11 10:01:00.000000,22257.0,22262.0,22241.0,22243.0,144,3204281.0
2025-06-11 10:02:00.000000,22241.0,22253.0,22230.0,22251.0,197,4381101.0
2025-06-11 10:03:00.000000,22251.0,22252.0,22243.0,22247.0,57,1268160.0
2025-06-11 10:04:00.000000,22250.0,22253.0,22247.0,22252.0,90,2002541.0
2025-06-11 10:05:00.000000,22250.0,22250.0,22238.0,22241.0,137,3047469.0
2025-06-11 10:06:00.000000,22238.0,22242.0,22233.0,22233.0,128,2846185.0
2025-06-11 10:07:00.000000,22233.0,22234.0,22227.0,22231.0,207,4601776.0
2025-06-11 10:08:00.000000,22230.0,22238.0,22226.0,22236.0,94,2089664.0
2025-06-11 10:09:00.000000,22236.0,22237.0,22231.0,22235.0,42,933804.0
2025-06-11 10:10:00.000000,22235.0,22243.0,22234.0,22241.0,80,1779041.0
2025-06-11 10:11:00.000000,22241.0,22252.0,22239.0,22250.0,136,3025595.0
2025-06-11 10:12:00.000000,22250.0,22250.0,22236.0,22239.0,71,1579250.0
2025-06-11 10:13:00.000000,22239.0,22240.0,22233.0,22240.0,81,1801125.0
2025-06-11 10:14:00.000000,22239.0,22241.0,22234.0,22236.0,44,978430.0
2025-06-11 10:15:00.000000,22236.0,22240.0,22229.0,22238.0,89,1978700.0
2025-06-11 10:16:00.000000,22239.0,22248.0,22239.0,22247.0,82,1823927.0
2025-06-11 10:17:00.000000,22246.0,22247.0,22236.0,22237.0,61,1356645.0
2025-06-11 10:18:00.000000,22236.0,22242.0,22235.0,22242.0,40,889509.0
2025-06-11 10:19:00.000000,22243.0,22246.0,22238.0,22238.0,29,644984.0
2025-06-11 10:20:00.000000,22238.0,22239.0,22232.0,22233.0,65,1445283.0
2025-06-11 10:21:00.000000,22233.0,22239.0,22222.0,22222.0,297,6601903.0
2025-06-11 10:22:00.000000,22223.0,22225.0,22207.0,22208.0,585,12995949.0
2025-06-11 10:23:00.000000,22209.0,22210.0,22195.0,22195.0,685,15207450.0
2025-06-11 10:24:00.000000,22195.0,22202.0,22191.0,22202.0,368,8168070.0
2025-06-11 10:25:00.000000,22203.0,22217.0,22202.0,22213.0,215,4775278.0
2025-06-11 10:26:00.000000,22215.0,22222.0,22212.0,22213.0,224,4976764.0
2025-06-11 10:27:00.000000,22213.0,22218.0,22210.0,22212.0,120,2665684.0
2025-06-11 10:28:00.000000,22211.0,22217.0,22210.0,22213.0,85,1888157.0
2025-06-11 10:29:00.000000,22212.0,22213.0,22209.0,22211.0,105,2332113.0
2025-06-11 10:30:00.000000,22210.0,22213.0,22209.0,22213.0,67,1488118.0
2025-06-11 10:31:00.000000,22211.0,22211.0,22199.0,22199.0,221,4907271.0
2025-06-11 10:32:00.000000,22199.0,22204.0,22196.0,22203.0,158,3507626.0
2025-06-11 10:33:00.000000,22204.0,22204.0,22194.0,22195.0,121,2685842.0
2025-06-11 10:34:00.000000,22197.0,22207.0,22195.0,22204.0,152,3374467.0
2025-06-11 10:35:00.000000,22204.0,22211.0,22202.0,22206.0,104,2309447.0
2025-06-11 10:36:00.000000,22205.0,22209.0,22197.0,22199.0,124,2753161.0
2025-06-11 10:37:00.000000,22201.0,22202.0,22191.0,22201.0,191,4239284.0
2025-06-11 10:38:00.000000,22204.0,22218.0,22204.0,22218.0,192,4264421.0
2025-06-11 10:39:00.000000,22216.0,22220.0,22212.0,22219.0,203,4510148.0
2025-06-11 10:40:00.000000,22218.0,22219.0,22214.0,22216.0,134,2976918.0
2025-06-11 10:41:00.000000,22215.0,22226.0,22213.0,22223.0,226,5022338.0
2025-06-11 10:42:00.000000,22222.0,22240.0,22222.0,22236.0,413,9182055.0
2025-06-11 10:43:00.000000,22238.0,22243.0,22236.0,22240.0,267,5937964.0
2025-06-11 10:44:00.000000,22240.0,22242.0,22236.0,22236.0,88,1957077.0
2025-06-11 10:45:00.000000,22236.0,22236.0,22230.0,22233.0,104,2312207.0
2025-06-11 10:46:00.000000,22235.0,22239.0,22233.0,22236.0,97,2156867.0
2025-06-11 10:47:00.000000,22238.0,22241.0,22235.0,22240.0,113,2513058.0
2025-06-11 10:48:00.000000,22240.0,22253.0,22240.0,22253.0,320,7119102.0
2025-06-11 10:49:00.000000,22253.0,22253.0,22248.0,22249.0,130,2892538.0
2025-06-11 10:50:00.000000,22248.0,22250.0,22246.0,22248.0,79,1757574.0
2025-06-11 10:51:00.000000,22248.0,22250.0,22245.0,22246.0,76,1690885.0
2025-06-11 10:52:00.000000,22245.0,22250.0,22245.0,22250.0,93,2069114.0
2025-06-11 10:53:00.000000,22251.0,22254.0,22246.0,22246.0,114,2536651.0
2025-06-11 10:54:00.000000,22246.0,22251.0,22245.0,22249.0,77,1713145.0
2025-06-11 10:55:00.000000,22248.0,22254.0,22247.0,22254.0,80,1780082.0
2025-06-11 10:56:00.000000,22255.0,22258.0,22249.0,22252.0,189,4206011.0
2025-06-11 10:57:00.000000,22253.0,22253.0,22240.0,22240.0,130,2891957.0
2025-06-11 10:58:00.000000,22239.0,22245.0,22238.0,22243.0,83,1845966.0
2025-06-11 10:59:00.000000,22242.0,22243.0,22237.0,22240.0,70,1556838.0
2025-06-11 11:00:00.000000,22239.0,22242.0,22237.0,22238.0,52,1156436.0
2025-06-11 11:01:00.000000,22241.0,22243.0,22235.0,22240.0,74,1645628.0
2025-06-11 11:02:00.000000,22242.0,22246.0,22240.0,22242.0,52,1156618.0
2025-06-11 11:03:00.000000,22245.0,22252.0,22244.0,22250.0,113,2514179.0
2025-06-11 11:04:00.000000,22249.0,22255.0,22248.0,22252.0,88,1958154.0
2025-06-11 11:05:00.000000,22255.0,22264.0,22253.0,22264.0,243,5409358.0
2025-06-11 11:06:00.000000,22263.0,22272.0,22260.0,22271.0,384,8550486.0
2025-06-11 11:07:00.000000,22273.0,22280.0,22271.0,22278.0,289,6438018.0
2025-06-11 11:08:00.000000,22278.0,22282.0,22269.0,22269.0,318,7084286.0
2025-06-11 11:09:00.000000,22269.0,22274.0,22266.0,22274.0,104,2316038.0
2025-06-11 11:10:00.000000,22274.0,22279.0,22273.0,22279.0,92,2049414.0
2025-06-11 11:11:00.000000,22277.0,22279.0,22276.0,22276.0,69,1537152.0
2025-06-11 11:12:00.000000,22276.0,22277.0,22272.0,22273.0,86,1915600.0
2025-06-11 11:13:00.000000,22274.0,22278.0,22274.0,22278.0,85,1893501.0
2025-06-11 11:14:00.000000,22277.0,22277.0,22275.0,22277.0,46,1024702.0
2025-06-11 11:15:00.000000,22276.0,22283.0,22274.0,22283.0,183,4077197.0
2025-06-11 11:16:00.000000,22282.0,22288.0,22278.0,22285.0,291,6484578.0
2025-06-11 11:17:00.000000,22287.0,22290.0,22285.0,22290.0,144,3209477.0
2025-06-11 11:18:00.000000,22290.0,22294.0,22289.0,22293.0,191,4257805.0
2025-06-11 11:19:00.000000,22294.0,22298.0,22292.0,22297.0,235,5239483.0
2025-06-11 11:20:00.000000,22297.0,22302.0,22293.0,22296.0,414,9231655.0
2025-06-11 11:21:00.000000,22298.0,22304.0,22298.0,22301.0,206,4594183.0
2025-06-11 11:22:00.000000,22301.0,22308.0,22301.0,22308.0,275,6133920.0
2025-06-11 11:23:00.000000,22308.0,22324.0,22307.0,22318.0,590,13166080.0
2025-06-11 11:24:00.000000,22318.0,22324.0,22318.0,22320.0,272,6071465.0
2025-06-11 11:25:00.000000,22321.0,22323.0,22308.0,22309.0,269,6003118.0
2025-06-11 11:26:00.000000,22309.0,22326.0,22309.0,22322.0,334,7455272.0
2025-06-11 11:27:00.000000,22322.0,22348.0,22322.0,22337.0,1132,25284896.0
2025-06-11 11:28:00.000000,22336.0,22348.0,22336.0,22340.0,404,9026159.0
2025-06-11 11:29:00.000000,22340.0,22346.0,22336.0,22336.0,236,5272415.0
2025-06-11 11:30:00.000000,22336.0,22339.0,22319.0,22320.0,359,8015486.0
2025-06-11 11:31:00.000000,22320.0,22328.0,22318.0,22322.0,232,5178708.0
2025-06-11 11:32:00.000000,22323.0,22328.0,22320.0,22327.0,124,2768183.0
2025-06-11 11:33:00.000000,22328.0,22332.0,22324.0,22324.0,162,3617322.0
2025-06-11 11:34:00.000000,22326.0,22331.0,22326.0,22328.0,87,1942587.0
2025-06-11 11:35:00.000000,22327.0,22329.0,22322.0,22323.0,120,2679045.0
2025-06-11 11:36:00.000000,22323.0,22325.0,22323.0,22324.0,76,1696625.0
2025-06-11 11:37:00.000000,22325.0,22328.0,22322.0,22326.0,106,2366420.0
2025-06-11 11:38:00.000000,22326.0,22330.0,22325.0,22329.0,47,1049416.0
2025-06-11 11:39:00.000000,22329.0,22334.0,22328.0,22333.0,115,2568010.0
2025-06-11 11:40:00.000000,22333.0,22333.0,22328.0,22329.0,76,1697119.0
2025-06-11 11:41:00.000000,22329.0,22330.0,22325.0,22328.0,59,1317311.0
2025-06-11 11:42:00.000000,22326.0,22327.0,22324.0,22327.0,53,1183265.0
2025-06-11 11:43:00.000000,22328.0,22330.0,22326.0,22326.0,52,1161053.0
2025-06-11 11:44:00.000000,22326.0,22330.0,22325.0,22329.0,61,1361955.0
2025-06-11 11:45:00.000000,22329.0,22330.0,22326.0,22327.0,37,826149.0
2025-06-11 11:46:00.000000,22328.0,22330.0,22323.0,22324.0,83,1853071.0
2025-06-11 11:47:00.000000,22324.0,22327.0,22323.0,22323.0,70,1562735.0
2025-06-11 11:48:00.000000,22324.0,22332.0,22324.0,22332.0,125,2791107.0
2025-06-11 11:49:00.000000,22332.0,22338.0,22331.0,22335.0,131,2925823.0
2025-06-11 11:50:00.000000,22336.0,22338.0,22331.0,22332.0,66,1474038.0
2025-06-11 11:51:00.000000,22333.0,22339.0,22332.0,22336.0,103,2300599.0
2025-06-11 11:52:00.000000,22337.0,22345.0,22337.0,22342.0,166,3708799.0
2025-06-11 11:53:00.000000,22342.0,22355.0,22341.0,22349.0,505,11286546.0
2025-06-11 11:54:00.000000,22350.0,22354.0,22342.0,22343.0,134,2994745.0
2025-06-11 11:55:00.000000,22342.0,22345.0,22341.0,22343.0,101,2256656.0
2025-06-11 11:56:00.000000,22344.0,22346.0,22339.0,22342.0,111,2480012.0
2025-06-11 11:57:00.000000,22341.0,22344.0,22339.0,22339.0,63,1407523.0
2025-06-11 11:58:00.000000,22340.0,22346.0,22340.0,22345.0,70,1564042.0
2025-06-11 11:59:00.000000,22346.0,22347.0,22345.0,22345.0,57,1273713.0
2025-06-11 12:00:00.000000,22344.0,22348.0,22344.0,22346.0,51,1139665.0
2025-06-11 12:01:00.000000,22347.0,22352.0,22336.0,22336.0,272,6078224.0
2025-06-11 12:02:00.000000,22335.0,22336.0,22318.0,22322.0,348,7769829.0
2025-06-11 12:03:00.000000,22322.0,22327.0,22318.0,22322.0,167,3727885.0
2025-06-11 12:04:00.000000,22321.0,22330.0,22321.0,22330.0,134,2991853.0
2025-06-11 12:05:00.000000,22330.0,22331.0,22324.0,22325.0,58,1294998.0
2025-06-11 12:06:00.000000,22323.0,22330.0,22319.0,22326.0,146,3259083.0
2025-06-11 12:07:00.000000,22326.0,22330.0,22325.0,22326.0,66,1473652.0
2025-06-11 12:08:00.000000,22328.0,22331.0,22326.0,22328.0,50,1116439.0
2025-06-11 12:09:00.000000,22331.0,22332.0,22329.0,22330.0,51,1138854.0
2025-06-11 12:10:00.000000,22330.0,22331.0,22323.0,22324.0,83,1853172.0
2025-06-11 12:11:00.000000,22325.0,22325.0,22318.0,22320.0,111,2477605.0
2025-06-11 12:12:00.000000,22319.0,22321.0,22317.0,22317.0,116,2589015.0
2025-06-11 12:13:00.000000,22317.0,22332.0,22317.0,22332.0,155,3460358.0
2025-06-11 12:14:00.000000,22332.0,22345.0,22329.0,22344.0,164,3663439.0
2025-06-11 12:15:00.000000,22345.0,22347.0,22331.0,22331.0,167,3731096.0
2025-06-11 12:16:00.000000,22332.0,22339.0,22331.0,22339.0,71,1585733.0
2025-06-11 12:17:00.000000,22337.0,22340.0,22331.0,22333.0,64,1429542.0
2025-06-11 12:18:00.000000,22332.0,22336.0,22331.0,22334.0,28,625348.0
2025-06-11 12:19:00.000000,22333.0,22335.0,22332.0,22335.0,50,1116701.0
2025-06-11 12:20:00.000000,22334.0,22338.0,22333.0,22334.0,49,1094436.0
2025-06-11 12:21:00.000000,22335.0,22336.0,22334.0,22336.0,24,536047.0
2025-06-11 12:22:00.000000,22336.0,22340.0,22336.0,22337.0,50,1116927.0
2025-06-11 12:23:00.000000,22337.0,22338.0,22332.0,22335.0,29,647705.0
2025-06-11 12:24:00.000000,22335.0,22335.0,22330.0,22332.0,50,1116576.0
2025-06-11 12:25:00.000000,22332.0,22332.0,22328.0,22330.0,45,1004856.0
2025-06-11 12:26:00.000000,22332.0,22339.0,22331.0,22337.0,34,759388.0
2025-06-11 12:27:00.000000,22337.0,22342.0,22337.0,22338.0,74,1653137.0
2025-06-11 12:28:00.000000,22338.0,22338.0,22335.0,22336.0,32,714781.0
2025-06-11 12:29:00.000000,22335.0,22342.0,22335.0,22337.0,75,1675339.0
2025-06-11 12:30:00.000000,22337.0,22338.0,22330.0,22330.0,41,915713.0
2025-06-11 12:31:00.000000,22332.0,22335.0,22330.0,22335.0,60,1339956.0
2025-06-11 12:32:00.000000,22334.0,22339.0,22334.0,22339.0,34,759428.0
2025-06-11 12:33:00.000000,22340.0,22340.0,22337.0,22337.0,46,1027603.0
2025-06-11 12:34:00.000000,22337.0,22342.0,22337.0,22341.0,34,759553.0
2025-06-11 12:35:00.000000,22342.0,22342.0,22337.0,22340.0,37,826553.0
2025-06-11 12:36:00.000000,22341.0,22342.0,22338.0,22340.0,37,826582.0
2025-06-11 12:37:00.000000,22341.0,22343.0,22338.0,22342.0,84,1876682.0
2025-06-11 12:38:00.000000,22344.0,22350.0,22342.0,22350.0,187,4178723.0
2025-06-11 12:39:00.000000,22349.0,22351.0,22343.0,22344.0,87,1944312.0
2025-06-11 12:40:00.000000,22344.0,22344.0,22339.0,22340.0,42,938373.0
2025-06-11 12:41:00.000000,22339.0,22341.0,22333.0,22336.0,68,1518870.0
2025-06-11 12:42:00.000000,22338.0,22343.0,22337.0,22342.0,99,2211738.0
2025-06-11 12:43:00.000000,22341.0,22341.0,22336.0,22338.0,32,714858.0
2025-06-11 12:44:00.000000,22336.0,22339.0,22335.0,22335.0,40,893448.0
2025-06-11 12:45:00.000000,22335.0,22336.0,22333.0,22334.0,42,938035.0
2025-06-11 12:46:00.000000,22335.0,22341.0,22335.0,22339.0,74,1653087.0
2025-06-11 12:47:00.000000,22338.0,22339.0,22334.0,22337.0,32,714758.0
2025-06-11 12:48:00.000000,22339.0,22340.0,22336.0,22337.0,22,491441.0
2025-06-11 12:49:00.000000,22337.0,22339.0,22336.0,22339.0,30,670107.0
2025-06-11 12:50:00.000000,22338.0,22340.0,22337.0,22337.0,19,424423.0
2025-06-11 12:51:00.000000,22337.0,22338.0,22336.0,22336.0,24,536081.0
2025-06-11 12:52:00.000000,22335.0,22338.0,22334.0,22334.0,51,1139084.0
2025-06-11 12:53:00.000000,22334.0,22335.0,22333.0,22335.0,26,580675.0
2025-06-11 12:54:00.000000,22333.0,22338.0,22333.0,22337.0,23,513716.0
2025-06-11 12:55:00.000000,22337.0,22337.0,22335.0,22335.0,13,290370.0
2025-06-11 12:56:00.000000,22335.0,22339.0,22335.0,22337.0,33,737112.0
2025-06-11 12:57:00.000000,22337.0,22339.0,22334.0,22335.0,28,625410.0
2025-06-11 12:58:00.000000,22335.0,22336.0,22330.0,22330.0,68,1518556.0
2025-06-11 12:59:00.000000,22330.0,22332.0,22330.0,22331.0,28,625262.0
2025-06-11 13:00:00.000000,22331.0,22338.0,22331.0,22337.0,62,1384730.0
2025-06-11 13:01:00.000000,22337.0,22345.0,22335.0,22342.0,90,2010675.0
2025-06-11 13:02:00.000000,22340.0,22343.0,22334.0,22341.0,47,1049914.0
2025-06-11 13:03:00.000000,22338.0,22341.0,22337.0,22338.0,26,580812.0
2025-06-11 13:04:00.000000,22338.0,22339.0,22327.0,22329.0,117,2612818.0
2025-06-11 13:05:00.000000,22328.0,22330.0,22302.0,22302.0,418,9328211.0
2025-06-11 13:06:00.000000,22303.0,22315.0,22301.0,22310.0,241,5376317.0
2025-06-11 13:07:00.000000,22310.0,22319.0,22310.0,22316.0,146,3257950.0
2025-06-11 13:08:00.000000,22316.0,22316.0,22306.0,22307.0,129,2877933.0
2025-06-11 13:09:00.000000,22309.0,22315.0,22308.0,22314.0,83,1851801.0
2025-06-11 13:10:00.000000,22313.0,22313.0,22292.0,22300.0,384,8563591.0
2025-06-11 13:11:00.000000,22300.0,22301.0,22290.0,22290.0,299,6665979.0
2025-06-11 13:12:00.000000,22290.0,22301.0,22290.0,22300.0,244,5439775.0
2025-06-11 13:13:00.000000,22299.0,22300.0,22295.0,22295.0,69,1538511.0
2025-06-11 13:14:00.000000,22296.0,22300.0,22292.0,22298.0,110,2452561.0
2025-06-11 13:15:00.000000,22298.0,22303.0,22297.0,22302.0,113,2519916.0
2025-06-11 13:16:00.000000,22300.0,22316.0,22299.0,22316.0,172,3837045.0
2025-06-11 13:17:00.000000,22316.0,22317.0,22311.0,22315.0,127,2833989.0
2025-06-11 13:18:00.000000,22315.0,22331.0,22315.0,22322.0,247,5514239.0
2025-06-11 13:19:00.000000,22324.0,22326.0,22322.0,22324.0,64,1428708.0
2025-06-11 13:20:00.000000,22327.0,22332.0,22326.0,22330.0,161,3594924.0
2025-06-11 13:21:00.000000,22330.0,22331.0,22323.0,22325.0,96,2143435.0
2025-06-11 13:22:00.000000,22326.0,22326.0,22320.0,22320.0,77,1718831.0
2025-06-11 13:23:00.000000,22320.0,22323.0,22320.0,22321.0,69,1540157.0
2025-06-11 13:24:00.000000,22322.0,22324.0,22318.0,22320.0,61,1361527.0
2025-06-11 13:25:00.000000,22318.0,22324.0,22317.0,22323.0,93,2075838.0
2025-06-11 13:26:00.000000,22321.0,22327.0,22316.0,22325.0,86,1919662.0
2025-06-11 13:27:00.000000,22324.0,22332.0,22324.0,22329.0,152,3394068.0
2025-06-11 13:28:00.000000,22330.0,22331.0,22327.0,22328.0,53,1183430.0
2025-06-11 13:29:00.000000,22329.0,22329.0,22322.0,22323.0,63,1406502.0
2025-06-11 13:30:00.000000,22324.0,22333.0,22317.0,22333.0,136,3036246.0
2025-06-11 13:31:00.000000,22333.0,22335.0,22327.0,22327.0,117,2612797.0
2025-06-11 13:32:00.000000,22328.0,22328.0,22316.0,22320.0,138,3080167.0
2025-06-11 13:33:00.000000,22321.0,22325.0,22319.0,22325.0,77,1718761.0
2025-06-11 13:34:00.000000,22326.0,22335.0,22326.0,22335.0,112,2501104.0
2025-06-11 13:35:00.000000,22335.0,22337.0,22331.0,22331.0,143,3193884.0
2025-06-11 13:36:00.000000,22331.0,22331.0,22326.0,22329.0,79,1763986.0
2025-06-11 13:37:00.000000,22329.0,22331.0,22327.0,22331.0,77,1719296.0
2025-06-11 13:38:00.000000,22330.0,22340.0,22329.0,22340.0,141,3149351.0
2025-06-11 13:39:00.000000,22340.0,22340.0,22333.0,22337.0,106,2367797.0
2025-06-11 13:40:00.000000,22336.0,22337.0,22330.0,22333.0,70,1563318.0
2025-06-11 13:41:00.000000,22334.0,22335.0,22331.0,22332.0,45,1004988.0
2025-06-11 13:42:00.000000,22332.0,22335.0,22332.0,22332.0,61,1362329.0
2025-06-11 13:43:00.000000,22331.0,22338.0,22330.0,22337.0,121,2702436.0
2025-06-11 13:44:00.000000,22336.0,22342.0,22335.0,22342.0,127,2837042.0
2025-06-11 13:45:00.000000,22342.0,22349.0,22340.0,22349.0,355,7932205.0
2025-06-11 13:46:00.000000,22346.0,22349.0,22346.0,22349.0,2,44695.0
2025-06-11 15:01:00.000000,22359.0,22372.0,22355.0,22362.0,407,9101420.0
2025-06-11 15:02:00.000000,22364.0,22370.0,22362.0,22367.0,213,4764025.0
2025-06-11 15:03:00.000000,22370.0,22370.0,22366.0,22367.0,90,2013086.0
2025-06-11 15:04:00.000000,22368.0,22380.0,22368.0,22378.0,237,5302493.0
2025-06-11 15:05:00.000000,22380.0,22393.0,22380.0,22391.0,344,7700424.0
2025-06-11 15:06:00.000000,22393.0,22396.0,22382.0,22388.0,421,9426090.0
2025-06-11 15:07:00.000000,22388.0,22389.0,22384.0,22386.0,91,2037133.0
2025-06-11 15:08:00.000000,22385.0,22389.0,22381.0,22384.0,136,3044332.0
2025-06-11 15:09:00.000000,22384.0,22393.0,22382.0,22387.0,154,3447938.0
2025-06-11 15:10:00.000000,22387.0,22387.0,22372.0,22377.0,181,4050544.0
2025-06-11 15:11:00.000000,22376.0,22380.0,22375.0,22377.0,89,1991598.0
2025-06-11 15:12:00.000000,22378.0,22387.0,22378.0,22383.0,102,2283062.0
2025-06-11 15:13:00.000000,22384.0,22390.0,22382.0,22389.0,72,1611858.0
2025-06-11 15:14:00.000000,22388.0,22393.0,22387.0,22390.0,84,1880727.0
2025-06-11 15:15:00.000000,22390.0,22393.0,22387.0,22387.0,76,1701740.0
2025-06-11 15:16:00.000000,22387.0,22392.0,22386.0,22392.0,74,1656676.0
2025-06-11 15:17:00.000000,22390.0,22391.0,22383.0,22387.0,95,2126768.0
2025-06-11 15:18:00.000000,22387.0,22398.0,22386.0,22394.0,131,2933490.0
2025-06-11 15:19:00.000000,22394.0,22396.0,22393.0,22394.0,102,2284237.0
2025-06-11 15:20:00.000000,22394.0,22395.0,22392.0,22394.0,82,1836260.0
2025-06-11 15:21:00.000000,22393.0,22393.0,22388.0,22390.0,71,1589745.0
2025-06-11 15:22:00.000000,22390.0,22390.0,22388.0,22390.0,72,1612006.0
2025-06-11 15:23:00.000000,22390.0,22398.0,22389.0,22398.0,89,1993054.0
2025-06-11 15:24:00.000000,22396.0,22397.0,22393.0,22396.0,97,2172299.0
2025-06-11 15:25:00.000000,22397.0,22400.0,22396.0,22398.0,217,4860474.0
2025-06-11 15:26:00.000000,22399.0,22399.0,22387.0,22393.0,136,3045242.0
2025-06-11 15:27:00.000000,22392.0,22393.0,22389.0,22392.0,58,1298683.0
2025-06-11 15:28:00.000000,22392.0,22392.0,22386.0,22389.0,98,2194031.0
2025-06-11 15:29:00.000000,22389.0,22390.0,22387.0,22390.0,39,873167.0
2025-06-11 15:30:00.000000,22389.0,22390.0,22387.0,22389.0,25,559710.0
2025-06-11 15:31:00.000000,22389.0,22393.0,22386.0,22386.0,56,1253815.0
2025-06-11 15:32:00.000000,22386.0,22390.0,22386.0,22389.0,53,1186537.0
2025-06-11 15:33:00.000000,22388.0,22390.0,22387.0,22389.0,33,738819.0
2025-06-11 15:34:00.000000,22389.0,22390.0,22388.0,22388.0,51,1141840.0
2025-06-11 15:35:00.000000,22388.0,22388.0,22383.0,22385.0,100,2238528.0
2025-06-11 15:36:00.000000,22385.0,22390.0,22384.0,22389.0,49,1096908.0
2025-06-11 15:37:00.000000,22387.0,22404.0,22387.0,22403.0,191,4278018.0
2025-06-11 15:38:00.000000,22404.0,22408.0,22401.0,22406.0,165,3696683.0
2025-06-11 15:39:00.000000,22407.0,22411.0,22406.0,22409.0,190,4257807.0
2025-06-11 15:40:00.000000,22408.0,22410.0,22406.0,22409.0,94,2106395.0
2025-06-11 15:41:00.000000,22409.0,22410.0,22406.0,22410.0,99,2218340.0
2025-06-11 15:42:00.000000,22410.0,22412.0,22408.0,22410.0,142,3182182.0
2025-06-11 15:43:00.000000,22410.0,22414.0,22409.0,22411.0,77,1725669.0
2025-06-11 15:44:00.000000,22412.0,22414.0,22407.0,22410.0,147,3294471.0
2025-06-11 15:45:00.000000,22409.0,22410.0,22405.0,22408.0,81,1814965.0
2025-06-11 15:46:00.000000,22409.0,22410.0,22392.0,22394.0,217,4860856.0
2025-06-11 15:47:00.000000,22394.0,22397.0,22392.0,22395.0,95,2127367.0
2025-06-11 15:48:00.000000,22396.0,22398.0,22394.0,22396.0,63,1410989.0
2025-06-11 15:49:00.000000,22396.0,22402.0,22394.0,22400.0,53,1187024.0
2025-06-11 15:50:00.000000,22401.0,22401.0,22399.0,22401.0,36,806398.0
2025-06-11 15:51:00.000000,22402.0,22404.0,22396.0,22396.0,62,1388857.0
2025-06-11 15:52:00.000000,22396.0,22398.0,22394.0,22396.0,49,1097414.0
2025-06-11 15:53:00.000000,22397.0,22400.0,22397.0,22398.0,27,604747.0
2025-06-11 15:54:00.000000,22400.0,22403.0,22398.0,22398.0,64,1433625.0
2025-06-11 15:55:00.000000,22398.0,22399.0,22396.0,22397.0,33,739117.0
2025-06-11 15:56:00.000000,22397.0,22402.0,22397.0,22399.0,30,671984.0
2025-06-11 15:57:00.000000,22400.0,22402.0,22400.0,22401.0,30,672021.0
2025-06-11 15:58:00.000000,22402.0,22409.0,22399.0,22408.0,85,1904329.0
2025-06-11 15:59:00.000000,22406.0,22408.0,22402.0,22405.0,48,1075445.0
2025-06-11 16:00:00.000000,22405.0,22407.0,22402.0,22402.0,70,1568303.0
2025-06-11 16:01:00.000000,22401.0,22405.0,22397.0,22402.0,110,2464159.0
2025-06-11 16:02:00.000000,22400.0,22409.0,22400.0,22408.0,72,1613047.0
2025-06-11 16:03:00.000000,22407.0,22411.0,22404.0,22408.0,73,1635832.0
2025-06-11 16:04:00.000000,22407.0,22418.0,22405.0,22415.0,200,4482639.0
2025-06-11 16:05:00.000000,22418.0,22435.0,22415.0,22425.0,640,14353102.0
2025-06-11 16:06:00.000000,22425.0,22426.0,22421.0,22422.0,138,3094528.0
2025-06-11 16:07:00.000000,22421.0,22424.0,22413.0,22415.0,161,3609402.0
2025-06-11 16:08:00.000000,22414.0,22425.0,22413.0,22425.0,77,1726113.0
2025-06-11 16:09:00.000000,22424.0,22428.0,22423.0,22426.0,92,2063117.0
2025-06-11 16:10:00.000000,22426.0,22432.0,22426.0,22429.0,245,5495216.0
2025-06-11 16:11:00.000000,22430.0,22433.0,22424.0,22426.0,148,3319318.0
2025-06-11 16:12:00.000000,22427.0,22428.0,22422.0,22426.0,61,1367901.0
2025-06-11 16:13:00.000000,22425.0,22428.0,22423.0,22428.0,57,1278296.0
2025-06-11 16:14:00.000000,22427.0,22433.0,22426.0,22432.0,94,2108491.0
2025-06-11 16:15:00.000000,22432.0,22439.0,22430.0,22438.0,152,3410093.0
2025-06-11 16:16:00.000000,22438.0,22439.0,22433.0,22438.0,89,1996840.0
2025-06-11 16:17:00.000000,22438.0,22442.0,22437.0,22438.0,221,4959173.0
2025-06-11 16:18:00.000000,22437.0,22437.0,22427.0,22427.0,136,3050707.0
2025-06-11 16:19:00.000000,22427.0,22429.0,22425.0,22429.0,73,1637144.0
2025-06-11 16:20:00.000000,22428.0,22430.0,22424.0,22425.0,84,1883814.0
2025-06-11 16:21:00.000000,22424.0,22426.0,22423.0,22423.0,53,1188488.0
2025-06-11 16:22:00.000000,22423.0,22429.0,22420.0,22428.0,107,2399256.0
2025-06-11 16:23:00.000000,22430.0,22434.0,22428.0,22431.0,61,1368296.0
2025-06-11 16:24:00.000000,22433.0,22433.0,22429.0,22429.0,28,628062.0
2025-06-11 16:25:00.000000,22429.0,22429.0,22426.0,22427.0,38,852242.0
2025-06-11 16:26:00.000000,22428.0,22432.0,22427.0,22432.0,63,1413078.0
2025-06-11 16:27:00.000000,22431.0,22434.0,22428.0,22429.0,41,919666.0
2025-06-11 16:28:00.000000,22429.0,22429.0,22423.0,22425.0,70,1569824.0
2025-06-11 16:29:00.000000,22425.0,22425.0,22420.0,22420.0,56,1255679.0
2025-06-11 16:30:00.000000,22421.0,22422.0,22418.0,22421.0,87,1950538.0
2025-06-11 16:31:00.000000,22423.0,22423.0,22420.0,22420.0,37,829571.0
2025-06-11 16:32:00.000000,22420.0,22421.0,22418.0,22419.0,44,986449.0
2025-06-11 16:33:00.000000,22420.0,22430.0,22420.0,22429.0,70,1569706.0
2025-06-11 16:34:00.000000,22430.0,22431.0,22425.0,22431.0,63,1412977.0
2025-06-11 16:35:00.000000,22431.0,22435.0,22431.0,22435.0,61,1368448.0
2025-06-11 16:36:00.000000,22434.0,22439.0,22433.0,22435.0,130,2916688.0
2025-06-11 16:37:00.000000,22434.0,22434.0,22426.0,22426.0,52,1166382.0
2025-06-11 16:38:00.000000,22426.0,22430.0,22426.0,22430.0,36,807447.0
2025-06-11 16:39:00.000000,22430.0,22431.0,22426.0,22426.0,40,897184.0
2025-06-11 16:40:00.000000,22426.0,22426.0,22424.0,22424.0,55,1233407.0
2025-06-11 16:41:00.000000,22424.0,22425.0,22422.0,22425.0,43,964203.0
2025-06-11 16:42:00.000000,22426.0,22429.0,22423.0,22423.0,29,650354.0
2025-06-11 16:43:00.000000,22422.0,22422.0,22413.0,22414.0,151,3384860.0
2025-06-11 16:44:00.000000,22414.0,22417.0,22413.0,22415.0,52,1165534.0
2025-06-11 16:45:00.000000,22417.0,22418.0,22414.0,22414.0,31,694904.0
2025-06-11 16:46:00.000000,22414.0,22416.0,22413.0,22413.0,30,672416.0
2025-06-11 16:47:00.000000,22413.0,22415.0,22410.0,22411.0,82,1837810.0
2025-06-11 16:48:00.000000,22411.0,22414.0,22410.0,22412.0,57,1277470.0
2025-06-11 16:49:00.000000,22411.0,22413.0,22410.0,22410.0,69,1546387.0
2025-06-11 16:50:00.000000,22411.0,22413.0,22411.0,22413.0,61,1367133.0
2025-06-11 16:51:00.000000,22414.0,22414.0,22410.0,22414.0,30,672352.0
2025-06-11 16:52:00.000000,22414.0,22415.0,22412.0,22413.0,42,941356.0
2025-06-11 16:53:00.000000,22414.0,22418.0,22414.0,22418.0,44,986323.0
2025-06-11 16:54:00.000000,22419.0,22419.0,22417.0,22417.0,43,963993.0
2025-06-11 16:55:00.000000,22418.0,22423.0,22417.0,22421.0,53,1188279.0
2025-06-11 16:56:00.000000,22422.0,22423.0,22418.0,22418.0,46,1031311.0
2025-06-11 16:57:00.000000,22419.0,22419.0,22414.0,22415.0,62,1389836.0
2025-06-11 16:58:00.000000,22414.0,22415.0,22412.0,22412.0,62,1389638.0
2025-06-11 16:59:00.000000,22411.0,22413.0,22408.0,22413.0,88,1972097.0
2025-06-11 17:00:00.000000,22413.0,22414.0,22412.0,22414.0,20,448271.0
2025-06-11 17:01:00.000000,22414.0,22417.0,22413.0,22415.0,40,896599.0
2025-06-11 17:02:00.000000,22416.0,22420.0,22413.0,22420.0,36,807004.0
2025-06-11 17:03:00.000000,22420.0,22423.0,22420.0,22423.0,54,1210789.0
2025-06-11 17:04:00.000000,22421.0,22425.0,22417.0,22417.0,39,874449.0
2025-06-11 17:05:00.000000,22418.0,22419.0,22408.0,22414.0,76,1703266.0
2025-06-11 17:06:00.000000,22414.0,22419.0,22414.0,22417.0,36,806983.0
2025-06-11 17:07:00.000000,22417.0,22417.0,22416.0,22416.0,22,493162.0
2025-06-11 17:08:00.000000,22417.0,22422.0,22417.0,22420.0,45,1008807.0
2025-06-11 17:09:00.000000,22422.0,22422.0,22417.0,22417.0,33,739852.0
2025-06-11 17:10:00.000000,22416.0,22419.0,22412.0,22419.0,57,1277617.0
2025-06-11 17:11:00.000000,22417.0,22418.0,22416.0,22417.0,7,156921.0
2025-06-11 17:12:00.000000,22416.0,22420.0,22415.0,22420.0,31,694931.0
2025-06-11 17:13:00.000000,22420.0,22421.0,22417.0,22417.0,23,515638.0
2025-06-11 17:14:00.000000,22417.0,22417.0,22416.0,22416.0,28,627660.0
2025-06-11 17:15:00.000000,22416.0,22418.0,22416.0,22417.0,7,156920.0
2025-06-11 17:16:00.000000,22417.0,22423.0,22417.0,22422.0,34,762292.0
2025-06-11 17:17:00.000000,22423.0,22430.0,22423.0,22429.0,108,2422051.0
2025-06-11 17:18:00.000000,22429.0,22429.0,22425.0,22429.0,48,1076510.0
2025-06-11 17:19:00.000000,22429.0,22430.0,22427.0,22428.0,65,1457878.0
2025-06-11 17:20:00.000000,22429.0,22430.0,22428.0,22429.0,26,583149.0
2025-06-11 17:21:00.000000,22428.0,22430.0,22428.0,22429.0,19,426150.0
2025-06-11 17:22:00.000000,22429.0,22429.0,22424.0,22426.0,43,964338.0
2025-06-11 17:23:00.000000,22426.0,22432.0,22426.0,22431.0,38,852330.0
2025-06-11 17:24:00.000000,22431.0,22432.0,22428.0,22428.0,32,717754.0
2025-06-11 17:25:00.000000,22428.0,22429.0,22426.0,22429.0,28,627970.0
2025-06-11 17:26:00.000000,22430.0,22432.0,22430.0,22431.0,26,583194.0
2025-06-11 17:27:00.000000,22431.0,22432.0,22429.0,22430.0,14,314023.0
2025-06-11 17:28:00.000000,22429.0,22438.0,22429.0,22435.0,107,2400484.0
2025-06-11 17:29:00.000000,22437.0,22438.0,22430.0,22430.0,82,1839648.0
2025-06-11 17:30:00.000000,22431.0,22433.0,22430.0,22432.0,23,515927.0
2025-06-11 17:31:00.000000,22432.0,22432.0,22427.0,22427.0,50,1121456.0
2025-06-11 17:32:00.000000,22427.0,22429.0,22427.0,22427.0,13,291566.0
2025-06-11 17:33:00.000000,22429.0,22432.0,22429.0,22431.0,19,426172.0
2025-06-11 17:34:00.000000,22432.0,22432.0,22417.0,22420.0,129,2892583.0
2025-06-11 17:35:00.000000,22420.0,22422.0,22418.0,22422.0,47,1053721.0
2025-06-11 17:36:00.000000,22421.0,22423.0,22420.0,22420.0,22,493275.0
2025-06-11 17:37:00.000000,22419.0,22419.0,22418.0,22418.0,17,381118.0
2025-06-11 17:38:00.000000,22417.0,22418.0,22415.0,22418.0,54,1210464.0
2025-06-11 17:39:00.000000,22418.0,22420.0,22418.0,22418.0,14,313862.0
2025-06-11 17:40:00.000000,22417.0,22418.0,22415.0,22417.0,27,605251.0
2025-06-11 17:41:00.000000,22417.0,22418.0,22416.0,22417.0,11,246587.0
2025-06-11 17:42:00.000000,22418.0,22418.0,22413.0,22413.0,59,1322448.0
2025-06-11 17:43:00.000000,22414.0,22415.0,22411.0,22413.0,28,627561.0
2025-06-11 17:44:00.000000,22412.0,22414.0,22412.0,22414.0,37,829281.0
2025-06-11 17:45:00.000000,22413.0,22415.0,22412.0,22413.0,19,425855.0
2025-06-11 17:46:00.000000,22415.0,22418.0,22413.0,22417.0,39,874188.0
2025-06-11 17:47:00.000000,22417.0,22417.0,22416.0,22416.0,17,381084.0
2025-06-11 17:48:00.000000,22416.0,22417.0,22415.0,22416.0,19,425906.0
2025-06-11 17:49:00.000000,22416.0,22416.0,22415.0,22415.0,17,381062.0
2025-06-11 17:50:00.000000,22415.0,22416.0,22412.0,22414.0,27,605180.0
2025-06-11 17:51:00.000000,22414.0,22414.0,22412.0,22412.0,32,717197.0
2025-06-11 17:52:00.000000,22412.0,22412.0,22403.0,22408.0,164,3674830.0
2025-06-11 17:53:00.000000,22409.0,22409.0,22406.0,22409.0,33,739452.0
2025-06-11 17:54:00.000000,22408.0,22410.0,22408.0,22409.0,36,806731.0
2025-06-11 17:55:00.000000,22411.0,22415.0,22411.0,22413.0,40,896520.0
2025-06-11 17:56:00.000000,22412.0,22413.0,22411.0,22412.0,30,672362.0
2025-06-11 17:57:00.000000,22411.0,22411.0,22410.0,22410.0,7,156872.0
2025-06-11 17:58:00.000000,22411.0,22412.0,22407.0,22407.0,44,986014.0
2025-06-11 17:59:00.000000,22408.0,22408.0,22404.0,22405.0,26,582568.0
2025-06-11 18:00:00.000000,22405.0,22407.0,22405.0,22407.0,27,604952.0
2025-06-11 18:01:00.000000,22407.0,22413.0,22407.0,22411.0,52,1165303.0
2025-06-11 18:02:00.000000,22413.0,22413.0,22408.0,22408.0,35,784399.0
2025-06-11 18:03:00.000000,22409.0,22409.0,22404.0,22405.0,41,918649.0
2025-06-11 18:04:00.000000,22405.0,22412.0,22405.0,22412.0,22,493000.0
2025-06-11 18:05:00.000000,22412.0,22412.0,22410.0,22410.0,32,717145.0
2025-06-11 18:06:00.000000,22410.0,22414.0,22410.0,22414.0,24,537893.0
2025-06-11 18:07:00.000000,22415.0,22418.0,22414.0,22416.0,59,1322566.0
2025-06-11 18:08:00.000000,22416.0,22416.0,22413.0,22415.0,21,470718.0
2025-06-11 18:09:00.000000,22413.0,22417.0,22413.0,22417.0,20,448311.0
2025-06-11 18:10:00.000000,22418.0,22418.0,22417.0,22418.0,26,582864.0
2025-06-11 18:11:00.000000,22417.0,22418.0,22416.0,22416.0,24,538019.0
2025-06-11 18:12:00.000000,22418.0,22418.0,22413.0,22414.0,14,313817.0
2025-06-11 18:13:00.000000,22414.0,22416.0,22414.0,22415.0,14,313807.0
2025-06-11 18:14:00.000000,22415.0,22415.0,22412.0,22413.0,29,650000.0
2025-06-11 18:15:00.000000,22415.0,22417.0,22414.0,22417.0,13,291405.0
2025-06-11 18:16:00.000000,22417.0,22417.0,22414.0,22416.0,16,358651.0
2025-06-11 18:17:00.000000,22414.0,22417.0,22414.0,22417.0,8,179324.0
2025-06-11 18:18:00.000000,22415.0,22415.0,22413.0,22413.0,20,448274.0
2025-06-11 18:19:00.000000,22413.0,22415.0,22412.0,22415.0,24,537932.0
2025-06-11 18:20:00.000000,22414.0,22414.0,22411.0,22411.0,17,381014.0
2025-06-11 18:21:00.000000,22411.0,22415.0,22411.0,22415.0,17,381015.0
2025-06-11 18:22:00.000000,22415.0,22415.0,22414.0,22415.0,6,134488.0
2025-06-11 18:23:00.000000,22415.0,22415.0,22414.0,22414.0,9,201729.0
2025-06-11 18:24:00.000000,22413.0,22415.0,22413.0,22413.0,10,224139.0
2025-06-11 18:25:00.000000,22413.0,22413.0,22410.0,22410.0,18,403398.0
2025-06-11 18:26:00.000000,22410.0,22411.0,22410.0,22411.0,22,493029.0
2025-06-11 18:27:00.000000,22411.0,22413.0,22411.0,22411.0,18,403417.0
2025-06-11 18:28:00.000000,22410.0,22414.0,22410.0,22412.0,12,268946.0
2025-06-11 18:29:00.000000,22412.0,22415.0,22412.0,22415.0,11,246556.0
2025-06-11 18:30:00.000000,22415.0,22420.0,22415.0,22418.0,40,896715.0
2025-06-11 18:31:00.000000,22419.0,22420.0,22416.0,22419.0,43,963980.0
2025-06-11 18:32:00.000000,22419.0,22420.0,22418.0,22420.0,26,582904.0
2025-06-11 18:33:00.000000,22418.0,22420.0,22417.0,22420.0,27,605286.0
2025-06-11 18:34:00.000000,22419.0,22419.0,22418.0,22418.0,6,134509.0
2025-06-11 18:35:00.000000,22419.0,22420.0,22418.0,22419.0,19,425962.0
2025-06-11 18:36:00.000000,22420.0,22420.0,22419.0,22419.0,27,605319.0
2025-06-11 18:37:00.000000,22419.0,22420.0,22419.0,22419.0,15,336291.0
2025-06-11 18:38:00.000000,22418.0,22418.0,22417.0,22417.0,18,403523.0
2025-06-11 18:39:00.000000,22418.0,22419.0,22417.0,22419.0,19,425950.0
2025-06-11 18:40:00.000000,22418.0,22419.0,22417.0,22417.0,13,291430.0
2025-06-11 18:41:00.000000,22417.0,22418.0,22415.0,22415.0,26,582810.0
2025-06-11 18:42:00.000000,22415.0,22415.0,22411.0,22412.0,23,515496.0
2025-06-11 18:43:00.000000,22412.0,22414.0,22412.0,22414.0,16,358602.0
2025-06-11 18:44:00.000000,22412.0,22414.0,22411.0,22411.0,17,381017.0
2025-06-11 18:45:00.000000,22411.0,22413.0,22393.0,22406.0,414,9273615.0
2025-06-11 18:46:00.000000,22404.0,22410.0,22404.0,22407.0,67,1501282.0
2025-06-11 18:47:00.000000,22407.0,22410.0,22407.0,22408.0,24,537786.0
2025-06-11 18:48:00.000000,22408.0,22410.0,22408.0,22409.0,21,470598.0
2025-06-11 18:49:00.000000,22409.0,22414.0,22408.0,22414.0,44,986073.0
2025-06-11 18:50:00.000000,22413.0,22413.0,22409.0,22410.0,15,336165.0
2025-06-11 18:51:00.000000,22408.0,22408.0,22404.0,22404.0,35,784231.0
2025-06-11 18:52:00.000000,22402.0,22402.0,22395.0,22398.0,72,1612676.0
2025-06-11 18:53:00.000000,22398.0,22405.0,22397.0,22405.0,71,1590395.0
2025-06-11 18:54:00.000000,22406.0,22407.0,22405.0,22406.0,22,492933.0
2025-06-11 18:55:00.000000,22407.0,22409.0,22406.0,22407.0,26,582585.0
2025-06-11 18:56:00.000000,22409.0,22409.0,22399.0,22402.0,38,851347.0
2025-06-11 18:57:00.000000,22402.0,22406.0,22402.0,22406.0,13,291251.0
2025-06-11 18:58:00.000000,22406.0,22409.0,22406.0,22408.0,16,358520.0
2025-06-11 18:59:00.000000,22409.0,22409.0,22408.0,22408.0,15,336121.0
2025-06-11 19:00:00.000000,22407.0,22407.0,22401.0,22402.0,30,672071.0
2025-06-11 19:01:00.000000,22403.0,22404.0,22395.0,22396.0,93,2083105.0
2025-06-11 19:02:00.000000,22397.0,22398.0,22385.0,22394.0,298,6672162.0
2025-06-11 19:03:00.000000,22394.0,22399.0,22392.0,22398.0,93,2082743.0
2025-06-11 19:04:00.000000,22399.0,22400.0,22393.0,22394.0,43,963067.0
2025-06-11 19:05:00.000000,22393.0,22395.0,22390.0,22391.0,70,1567444.0
2025-06-11 19:06:00.000000,22391.0,22394.0,22388.0,22392.0,115,2574984.0
2025-06-11 19:07:00.000000,22393.0,22394.0,22391.0,22392.0,43,962883.0
2025-06-11 19:08:00.000000,22391.0,22392.0,22390.0,22391.0,45,1007596.0
2025-06-11 19:09:00.000000,22392.0,22392.0,22385.0,22385.0,64,1432867.0
2025-06-11 19:10:00.000000,22385.0,22390.0,22384.0,22390.0,73,1634266.0
2025-06-11 19:11:00.000000,22390.0,22391.0,22387.0,22387.0,62,1388142.0
2025-06-11 19:12:00.000000,22386.0,22387.0,22381.0,22382.0,92,2059238.0
2025-06-11 19:13:00.000000,22383.0,22384.0,22378.0,22381.0,189,4229838.0
2025-06-11 19:14:00.000000,22381.0,22386.0,22377.0,22385.0,130,2909399.0
2025-06-11 19:15:00.000000,22386.0,22386.0,22381.0,22381.0,63,1410191.0
2025-06-11 19:16:00.000000,22380.0,22382.0,22375.0,22375.0,126,2819622.0
2025-06-11 19:17:00.000000,22376.0,22376.0,22367.0,22368.0,248,5548010.0
2025-06-11 19:18:00.000000,22369.0,22377.0,22367.0,22376.0,111,2483294.0
2025-06-11 19:19:00.000000,22376.0,22377.0,22371.0,22373.0,67,1499038.0
2025-06-11 19:20:00.000000,22373.0,22374.0,22371.0,22373.0,84,1879299.0
2025-06-11 19:21:00.000000,22373.0,22373.0,22368.0,22373.0,89,1990919.0
2025-06-11 19:22:00.000000,22372.0,22374.0,22370.0,22374.0,42,939640.0
2025-06-11 19:23:00.000000,22373.0,22380.0,22372.0,22379.0,79,1767712.0
2025-06-11 19:24:00.000000,22380.0,22381.0,22378.0,22380.0,87,1946986.0
2025-06-11 19:25:00.000000,22380.0,22386.0,22379.0,22383.0,131,2932082.0
2025-06-11 19:26:00.000000,22384.0,22386.0,22382.0,22384.0,118,2641373.0
2025-06-11 19:27:00.000000,22384.0,22384.0,22380.0,22380.0,64,1432398.0
2025-06-11 19:28:00.000000,22381.0,22383.0,22379.0,22383.0,27,604301.0
2025-06-11 19:29:00.000000,22385.0,22386.0,22383.0,22386.0,81,1813182.0
2025-06-11 19:30:00.000000,22385.0,22391.0,22384.0,22389.0,146,3268791.0
2025-06-11 19:31:00.000000,22389.0,22390.0,22386.0,22390.0,96,2149302.0
2025-06-11 19:32:00.000000,22390.0,22395.0,22388.0,22394.0,96,2149613.0
2025-06-11 19:33:00.000000,22394.0,22395.0,22393.0,22395.0,81,1813900.0
2025-06-11 19:34:00.000000,22395.0,22395.0,22389.0,22389.0,73,1634584.0
2025-06-11 19:35:00.000000,22389.0,22391.0,22388.0,22388.0,29,649278.0
2025-06-11 19:36:00.000000,22388.0,22389.0,22386.0,22387.0,59,1320847.0
2025-06-11 19:37:00.000000,22387.0,22390.0,22386.0,22389.0,42,940270.0
2025-06-11 19:38:00.000000,22387.0,22387.0,22383.0,22384.0,50,1119243.0
2025-06-11 19:39:00.000000,22384.0,22384.0,22383.0,22383.0,25,559589.0
2025-06-11 19:40:00.000000,22384.0,22384.0,22379.0,22381.0,54,1208568.0
2025-06-11 19:41:00.000000,22382.0,22388.0,22382.0,22388.0,49,1096817.0
2025-06-11 19:42:00.000000,22388.0,22388.0,22386.0,22387.0,12,268648.0
2025-06-11 19:43:00.000000,22387.0,22387.0,22385.0,22386.0,16,358179.0
2025-06-11 19:44:00.000000,22385.0,22387.0,22385.0,22386.0,18,402943.0
2025-06-11 19:45:00.000000,22385.0,22387.0,22383.0,22385.0,38,850616.0
2025-06-11 19:46:00.000000,22386.0,22386.0,22385.0,22386.0,11,246240.0
2025-06-11 19:47:00.000000,22386.0,22387.0,22385.0,22386.0,15,335786.0
2025-06-11 19:48:00.000000,22387.0,22388.0,22386.0,22386.0,23,514905.0
2025-06-11 19:49:00.000000,22386.0,22388.0,22386.0,22387.0,12,268641.0
2025-06-11 19:50:00.000000,22387.0,22388.0,22386.0,22386.0,17,380568.0
2025-06-11 19:51:00.000000,22386.0,22388.0,22386.0,22387.0,19,425348.0
2025-06-11 19:52:00.000000,22387.0,22389.0,22387.0,22389.0,8,179105.0
2025-06-11 19:53:00.000000,22389.0,22390.0,22381.0,22383.0,75,1678912.0
2025-06-11 19:54:00.000000,22383.0,22386.0,22383.0,22384.0,30,671524.0
2025-06-11 19:55:00.000000,22384.0,22388.0,22384.0,22388.0,30,671593.0
2025-06-11 19:56:00.000000,22387.0,22388.0,22383.0,22388.0,31,693944.0
2025-06-11 19:57:00.000000,22387.0,22390.0,22385.0,22388.0,16,358191.0
2025-06-11 19:58:00.000000,22390.0,22391.0,22388.0,22390.0,50,1119487.0
2025-06-11 19:59:00.000000,22390.0,22390.0,22388.0,22388.0,65,1455295.0
2025-06-11 20:00:00.000000,22387.0,22387.0,22385.0,22385.0,20,447714.0
2025-06-11 20:01:00.000000,22384.0,22390.0,22382.0,22390.0,40,895400.0
2025-06-11 20:02:00.000000,22391.0,22392.0,22388.0,22390.0,43,962796.0
2025-06-11 20:03:00.000000,22390.0,22393.0,22388.0,22389.0,58,1298638.0
2025-06-11 20:04:00.000000,22387.0,22390.0,22385.0,22390.0,25,559696.0
2025-06-11 20:05:00.000000,22390.0,22424.0,22365.0,22401.0,1474,33008603.0
2025-06-11 20:06:00.000000,22397.0,22403.0,22377.0,22389.0,210,4702093.0
2025-06-11 20:07:00.000000,22388.0,22394.0,22378.0,22392.0,94,2104300.0
2025-06-11 20:08:00.000000,22392.0,22401.0,22388.0,22393.0,112,2508375.0
2025-06-11 20:09:00.000000,22392.0,22402.0,22385.0,22387.0,143,3202615.0
2025-06-11 20:10:00.000000,22387.0,22397.0,22384.0,22392.0,52,1164365.0
2025-06-11 20:11:00.000000,22395.0,22404.0,22394.0,22404.0,102,2284807.0
2025-06-11 20:12:00.000000,22402.0,22408.0,22398.0,22404.0,131,2934812.0
2025-06-11 20:13:00.000000,22405.0,22408.0,22399.0,22401.0,69,1545808.0
2025-06-11 20:14:00.000000,22400.0,22405.0,22400.0,22403.0,49,1097738.0
2025-06-11 20:15:00.000000,22402.0,22408.0,22401.0,22406.0,45,1008214.0
2025-06-11 20:16:00.000000,22404.0,22406.0,22399.0,22401.0,94,2105770.0
2025-06-11 20:17:00.000000,22401.0,22401.0,22393.0,22394.0,91,2038033.0
2025-06-11 20:18:00.000000,22394.0,22400.0,22394.0,22398.0,22,492746.0
2025-06-11 20:19:00.000000,22398.0,22400.0,22395.0,22400.0,43,963101.0
2025-06-11 20:20:00.000000,22398.0,22400.0,22398.0,22399.0,17,380781.0
2025-06-11 20:21:00.000000,22399.0,22406.0,22399.0,22404.0,86,1926663.0
2025-06-11 20:22:00.000000,22405.0,22405.0,22400.0,22404.0,40,896088.0
2025-06-11 20:23:00.000000,22405.0,22406.0,22403.0,22405.0,37,828970.0
2025-06-11 20:24:00.000000,22405.0,22408.0,22403.0,22408.0,38,851411.0
2025-06-11 20:25:00.000000,22408.0,22410.0,22405.0,22406.0,70,1568576.0
2025-06-11 20:26:00.000000,22406.0,22408.0,22404.0,22405.0,44,985843.0
2025-06-11 20:27:00.000000,22404.0,22406.0,22401.0,22406.0,34,761714.0
2025-06-11 20:28:00.000000,22405.0,22409.0,22405.0,22408.0,38,851499.0
2025-06-11 20:29:00.000000,22408.0,22409.0,22405.0,22409.0,48,1075544.0
2025-06-11 20:30:00.000000,22409.0,22416.0,22409.0,22416.0,96,2151618.0
2025-06-11 20:31:00.000000,22416.0,22468.0,22416.0,22459.0,2180,48934037.0
2025-06-11 20:32:00.000000,22458.0,22476.0,22458.0,22468.0,775,17412383.0
2025-06-11 20:33:00.000000,22468.0,22473.0,22437.0,22443.0,597,13405555.0
2025-06-11 20:34:00.000000,22444.0,22462.0,22443.0,22453.0,300,6735806.0
2025-06-11 20:35:00.000000,22456.0,22461.0,22451.0,22461.0,248,5569339.0
2025-06-11 20:36:00.000000,22462.0,22475.0,22461.0,22471.0,330,7414522.0
2025-06-11 20:37:00.000000,22472.0,22484.0,22472.0,22482.0,356,8002309.0
2025-06-11 20:38:00.000000,22483.0,22490.0,22471.0,22472.0,603,13557591.0
2025-06-11 20:39:00.000000,22472.0,22482.0,22471.0,22477.0,228,5124766.0
2025-06-11 20:40:00.000000,22478.0,22482.0,22476.0,22480.0,140,3147182.0
2025-06-11 20:41:00.000000,22480.0,22484.0,22465.0,22465.0,253,5686012.0
2025-06-11 20:42:00.000000,22466.0,22468.0,22456.0,22456.0,343,7704306.0
2025-06-11 20:43:00.000000,22457.0,22462.0,22452.0,22462.0,247,5546672.0
2025-06-11 20:44:00.000000,22460.0,22465.0,22460.0,22463.0,128,2875057.0
2025-06-11 20:45:00.000000,22465.0,22469.0,22458.0,22458.0,143,3212237.0
2025-06-11 20:46:00.000000,22459.0,22462.0,22454.0,22459.0,154,3458537.0
2025-06-11 20:47:00.000000,22459.0,22467.0,22458.0,22466.0,90,2021626.0
2025-06-11 20:48:00.000000,22466.0,22466.0,22461.0,22464.0,81,1819534.0
2025-06-11 20:49:00.000000,22465.0,22468.0,22453.0,22455.0,151,3391443.0
2025-06-11 20:50:00.000000,22455.0,22456.0,22435.0,22435.0,393,8820739.0
2025-06-11 20:51:00.000000,22436.0,22452.0,22435.0,22445.0,211,4735288.0
2025-06-11 20:52:00.000000,22446.0,22454.0,22445.0,22447.0,106,2379719.0
2025-06-11 20:53:00.000000,22447.0,22455.0,22447.0,22454.0,68,1526691.0
2025-06-11 20:54:00.000000,22454.0,22454.0,22448.0,22451.0,73,1638842.0
2025-06-11 20:55:00.000000,22452.0,22456.0,22452.0,22455.0,74,1661646.0
2025-06-11 20:56:00.000000,22456.0,22465.0,22456.0,22462.0,141,3167107.0
2025-06-11 20:57:00.000000,22462.0,22462.0,22450.0,22453.0,118,2649949.0
2025-06-11 20:58:00.000000,22453.0,22453.0,22444.0,22452.0,123,2761188.0
2025-06-11 20:59:00.000000,22451.0,22456.0,22446.0,22453.0,80,1796037.0
2025-06-11 21:00:00.000000,22453.0,22455.0,22450.0,22450.0,37,830716.0
2025-06-11 21:01:00.000000,22451.0,22454.0,22448.0,22454.0,66,1481737.0
2025-06-11 21:02:00.000000,22455.0,22457.0,22439.0,22441.0,202,4534173.0
2025-06-11 21:03:00.000000,22441.0,22445.0,22432.0,22433.0,182,4083626.0
2025-06-11 21:04:00.000000,22433.0,22449.0,22430.0,22440.0,296,6641478.0
2025-06-11 21:05:00.000000,22442.0,22445.0,22437.0,22440.0,67,1503479.0
2025-06-11 21:06:00.000000,22443.0,22448.0,22441.0,22443.0,77,1728233.0
2025-06-11 21:07:00.000000,22442.0,22445.0,22438.0,22443.0,52,1166932.0
2025-06-11 21:08:00.000000,22444.0,22448.0,22444.0,22444.0,33,740699.0
2025-06-11 21:09:00.000000,22444.0,22448.0,22441.0,22442.0,41,920221.0
2025-06-11 21:10:00.000000,22442.0,22444.0,22441.0,22444.0,26,583518.0
2025-06-11 21:11:00.000000,22445.0,22446.0,22440.0,22442.0,37,830387.0
2025-06-11 21:12:00.000000,22442.0,22446.0,22442.0,22445.0,42,942695.0
2025-06-11 21:13:00.000000,22445.0,22450.0,22445.0,22449.0,72,1616177.0
2025-06-11 21:14:00.000000,22450.0,22451.0,22440.0,22442.0,100,2244702.0
2025-06-11 21:15:00.000000,22444.0,22444.0,22440.0,22442.0,56,1256700.0
2025-06-11 21:16:00.000000,22442.0,22444.0,22442.0,22443.0,21,471297.0
2025-06-11 21:17:00.000000,22443.0,22443.0,22439.0,22441.0,50,1122020.0
2025-06-11 21:18:00.000000,22442.0,22444.0,22441.0,22441.0,28,628387.0
2025-06-11 21:19:00.000000,22442.0,22444.0,22440.0,22441.0,23,516167.0
2025-06-11 21:20:00.000000,22441.0,22441.0,22439.0,22440.0,31,695641.0
2025-06-11 21:21:00.000000,22441.0,22445.0,22441.0,22444.0,20,448872.0
2025-06-11 21:22:00.000000,22443.0,22443.0,22435.0,22436.0,67,1503404.0
2025-06-11 21:23:00.000000,22437.0,22437.0,22430.0,22433.0,79,1772137.0
2025-06-11 21:24:00.000000,22432.0,22435.0,22425.0,22426.0,192,4306200.0
2025-06-11 21:25:00.000000,22428.0,22429.0,22426.0,22426.0,84,1883866.0
2025-06-11 21:26:00.000000,22425.0,22432.0,22423.0,22430.0,97,2175368.0
2025-06-11 21:27:00.000000,22433.0,22433.0,22427.0,22429.0,68,1525193.0
2025-06-11 21:28:00.000000,22430.0,22434.0,22425.0,22426.0,72,1614875.0
2025-06-11 21:29:00.000000,22425.0,22425.0,22417.0,22420.0,189,4237500.0
2025-06-11 21:30:00.000000,22421.0,22422.0,22416.0,22421.0,97,2174703.0
2025-06-11 21:31:00.000000,22422.0,22436.0,22408.0,22428.0,448,10044592.0
2025-06-11 21:32:00.000000,22426.0,22426.0,22386.0,22388.0,882,19755791.0
2025-06-11 21:33:00.000000,22386.0,22407.0,22377.0,22407.0,673,15068393.0
2025-06-11 21:34:00.000000,22406.0,22407.0,22383.0,22393.0,342,7658245.0
2025-06-11 21:35:00.000000,22392.0,22400.0,22391.0,22399.0,181,4053563.0
2025-06-11 21:36:00.000000,22397.0,22398.0,22383.0,22394.0,252,5642374.0
2025-06-11 21:37:00.000000,22392.0,22397.0,22380.0,22393.0,297,6649222.0
2025-06-11 21:38:00.000000,22393.0,22396.0,22385.0,22393.0,151,3381092.0
2025-06-11 21:39:00.000000,22393.0,22403.0,22388.0,22394.0,241,5397545.0
2025-06-11 21:40:00.000000,22394.0,22402.0,22392.0,22396.0,171,3829934.0
2025-06-11 21:41:00.000000,22396.0,22397.0,22379.0,22385.0,313,7006728.0
2025-06-11 21:42:00.000000,22386.0,22394.0,22378.0,22385.0,226,5058788.0
2025-06-11 21:43:00.000000,22386.0,22395.0,22380.0,22388.0,265,5932799.0
2025-06-11 21:44:00.000000,22386.0,22386.0,22377.0,22381.0,341,7631782.0
2025-06-11 21:45:00.000000,22382.0,22387.0,22377.0,22380.0,148,3312459.0
2025-06-11 21:46:00.000000,22379.0,22380.0,22352.0,22355.0,944,21112742.0
2025-06-11 21:47:00.000000,22357.0,22358.0,22337.0,22342.0,1007,22504518.0
2025-06-11 21:48:00.000000,22342.0,22359.0,22339.0,22359.0,556,12425439.0
2025-06-11 21:49:00.000000,22358.0,22372.0,22350.0,22372.0,456,10196099.0
2025-06-11 21:50:00.000000,22372.0,22389.0,22367.0,22387.0,557,12464395.0
2025-06-11 21:51:00.000000,22386.0,22397.0,22383.0,22394.0,500,11195406.0
2025-06-11 21:52:00.000000,22395.0,22405.0,22392.0,22403.0,435,9743850.0
2025-06-11 21:53:00.000000,22403.0,22418.0,22398.0,22416.0,503,11271039.0
2025-06-11 21:54:00.000000,22416.0,22419.0,22412.0,22415.0,294,6590136.0
2025-06-11 21:55:00.000000,22414.0,22415.0,22402.0,22406.0,234,5243474.0
2025-06-11 21:56:00.000000,22405.0,22410.0,22394.0,22410.0,317,7101364.0
2025-06-11 21:57:00.000000,22410.0,22415.0,22405.0,22413.0,198,4437187.0
2025-06-11 21:58:00.000000,22413.0,22413.0,22407.0,22409.0,116,2599614.0
2025-06-11 21:59:00.000000,22410.0,22424.0,22409.0,22419.0,326,7308576.0
2025-06-11 22:00:00.000000,22417.0,22423.0,22417.0,22421.0,148,3318127.0
2025-06-11 22:01:00.000000,22422.0,22432.0,22421.0,22432.0,339,7602680.0
2025-06-11 22:02:00.000000,22433.0,22437.0,22422.0,22422.0,386,8658643.0
2025-06-11 22:03:00.000000,22423.0,22424.0,22413.0,22416.0,174,3900647.0
2025-06-11 22:04:00.000000,22417.0,22417.0,22405.0,22408.0,227,5086986.0
2025-06-11 22:05:00.000000,22409.0,22414.0,22408.0,22412.0,110,2465118.0
2025-06-11 22:06:00.000000,22414.0,22415.0,22405.0,22408.0,124,2778882.0
2025-06-11 22:07:00.000000,22406.0,22409.0,22403.0,22404.0,130,2912795.0
2025-06-11 22:08:00.000000,22405.0,22410.0,22400.0,22401.0,207,4637526.0
2025-06-11 22:09:00.000000,22403.0,22405.0,22396.0,22405.0,211,4726257.0
2025-06-11 22:10:00.000000,22407.0,22420.0,22405.0,22416.0,213,4774445.0
2025-06-11 22:11:00.000000,22415.0,22420.0,22411.0,22418.0,139,3115884.0
2025-06-11 22:12:00.000000,22419.0,22428.0,22418.0,22428.0,174,3901642.0
2025-06-11 22:13:00.000000,22428.0,22430.0,22422.0,22426.0,147,3296723.0
2025-06-11 22:14:00.000000,22426.0,22434.0,22423.0,22434.0,121,2713813.0
2025-06-11 22:15:00.000000,22434.0,22435.0,22430.0,22433.0,139,3118077.0
2025-06-11 22:16:00.000000,22433.0,22434.0,22430.0,22431.0,81,1817043.0
2025-06-11 22:17:00.000000,22432.0,22448.0,22431.0,22443.0,390,8751777.0
2025-06-11 22:18:00.000000,22444.0,22447.0,22437.0,22439.0,180,4039835.0
2025-06-11 22:19:00.000000,22440.0,22445.0,22439.0,22443.0,84,1885226.0
2025-06-11 22:20:00.000000,22444.0,22458.0,22443.0,22455.0,406,9115403.0
2025-06-11 22:21:00.000000,22456.0,22457.0,22445.0,22452.0,236,5298412.0
2025-06-11 22:22:00.000000,22451.0,22455.0,22446.0,22455.0,139,3120673.0
2025-06-11 22:23:00.000000,22454.0,22460.0,22454.0,22457.0,189,4244386.0
2025-06-11 22:24:00.000000,22458.0,22459.0,22455.0,22455.0,88,1976176.0
2025-06-11 22:25:00.000000,22456.0,22464.0,22455.0,22460.0,223,5008598.0
2025-06-11 22:26:00.000000,22460.0,22461.0,22455.0,22456.0,143,3211567.0
2025-06-11 22:27:00.000000,22456.0,22462.0,22454.0,22462.0,184,4132246.0
2025-06-11 22:28:00.000000,22461.0,22468.0,22457.0,22457.0,213,4784773.0
2025-06-11 22:29:00.000000,22457.0,22460.0,22450.0,22450.0,188,4221521.0
2025-06-11 22:30:00.000000,22450.0,22460.0,22450.0,22458.0,147,3300924.0
2025-06-11 22:31:00.000000,22457.0,22463.0,22455.0,22461.0,177,3975175.0
2025-06-11 22:32:00.000000,22461.0,22461.0,22453.0,22454.0,79,1773992.0
2025-06-11 22:33:00.000000,22455.0,22464.0,22454.0,22464.0,124,2784968.0
2025-06-11 22:34:00.000000,22465.0,22470.0,22463.0,22468.0,210,4718049.0
2025-06-11 22:35:00.000000,22466.0,22475.0,22461.0,22470.0,189,4246857.0
2025-06-11 22:36:00.000000,22471.0,22473.0,22460.0,22463.0,111,2493921.0
2025-06-11 22:37:00.000000,22463.0,22470.0,22463.0,22467.0,76,1707483.0
2025-06-11 22:38:00.000000,22466.0,22466.0,22456.0,22458.0,157,3526380.0
2025-06-11 22:39:00.000000,22457.0,22461.0,22456.0,22458.0,81,1819160.0
2025-06-11 22:40:00.000000,22459.0,22461.0,22455.0,22455.0,58,1302559.0
2025-06-11 22:41:00.000000,22455.0,22459.0,22453.0,22459.0,183,4109285.0
2025-06-11 22:42:00.000000,22459.0,22463.0,22456.0,22463.0,76,1706929.0
2025-06-11 22:43:00.000000,22462.0,22464.0,22449.0,22452.0,142,3188433.0
2025-06-11 22:44:00.000000,22453.0,22458.0,22452.0,22455.0,87,1953562.0
2025-06-11 22:45:00.000000,22456.0,22466.0,22456.0,22466.0,91,2043996.0
2025-06-11 22:46:00.000000,22465.0,22468.0,22459.0,22464.0,64,1437643.0
2025-06-11 22:47:00.000000,22465.0,22465.0,22461.0,22463.0,61,1370198.0
2025-06-11 22:48:00.000000,22461.0,22461.0,22459.0,22461.0,46,1033145.0
2025-06-11 22:49:00.000000,22462.0,22466.0,22461.0,22463.0,62,1392762.0
2025-06-11 22:50:00.000000,22464.0,22465.0,22455.0,22457.0,41,920876.0
2025-06-11 22:51:00.000000,22457.0,22461.0,22455.0,22455.0,121,2717277.0
2025-06-11 22:52:00.000000,22457.0,22461.0,22454.0,22461.0,51,1145347.0
2025-06-11 22:53:00.000000,22461.0,22472.0,22461.0,22472.0,169,3797060.0
2025-06-11 22:54:00.000000,22472.0,22472.0,22466.0,22466.0,116,2606563.0
2025-06-11 22:55:00.000000,22467.0,22467.0,22462.0,22467.0,66,1482697.0
2025-06-11 22:56:00.000000,22468.0,22473.0,22465.0,22473.0,58,1303233.0
2025-06-11 22:57:00.000000,22472.0,22474.0,22469.0,22471.0,75,1685401.0
2025-06-11 22:58:00.000000,22472.0,22476.0,22471.0,22472.0,146,3281189.0
2025-06-11 22:59:00.000000,22471.0,22476.0,22470.0,22472.0,82,1842830.0
2025-06-11 23:00:00.000000,22473.0,22475.0,22468.0,22470.0,82,1842620.0
2025-06-11 23:01:00.000000,22470.0,22470.0,22466.0,22470.0,107,2404178.0
2025-06-11 23:02:00.000000,22470.0,22473.0,22467.0,22469.0,50,1123505.0
2025-06-11 23:03:00.000000,22467.0,22468.0,22462.0,22466.0,72,1617470.0
2025-06-11 23:04:00.000000,22464.0,22467.0,22464.0,22466.0,43,966006.0
2025-06-11 23:05:00.000000,22467.0,22471.0,22467.0,22470.0,42,943721.0
2025-06-11 23:06:00.000000,22470.0,22470.0,22463.0,22466.0,57,1280581.0
2025-06-11 23:07:00.000000,22465.0,22469.0,22464.0,22468.0,45,1010971.0
2025-06-11 23:08:00.000000,22468.0,22473.0,22467.0,22467.0,40,898809.0
2025-06-11 23:09:00.000000,22466.0,22466.0,22436.0,22437.0,574,12883259.0
2025-06-11 23:10:00.000000,22438.0,22441.0,22414.0,22415.0,623,13971578.0
2025-06-11 23:11:00.000000,22415.0,22436.0,22405.0,22431.0,417,9348769.0
2025-06-11 23:12:00.000000,22430.0,22442.0,22427.0,22438.0,230,5160074.0
2025-06-11 23:13:00.000000,22439.0,22448.0,22436.0,22445.0,169,3792438.0
2025-06-11 23:14:00.000000,22448.0,22449.0,22439.0,22440.0,182,4085064.0
2025-06-11 23:15:00.000000,22441.0,22442.0,22432.0,22440.0,116,2602646.0
2025-06-11 23:16:00.000000,22440.0,22450.0,22439.0,22449.0,111,2491586.0
2025-06-11 23:17:00.000000,22449.0,22454.0,22447.0,22452.0,99,2222693.0
2025-06-11 23:18:00.000000,22452.0,22456.0,22451.0,22452.0,98,2200448.0
2025-06-11 23:19:00.000000,22450.0,22454.0,22450.0,22452.0,51,1145044.0
2025-06-11 23:20:00.000000,22453.0,22453.0,22452.0,22453.0,40,898107.0
2025-06-11 23:21:00.000000,22452.0,22452.0,22443.0,22444.0,113,2536588.0
2025-06-11 23:22:00.000000,22443.0,22445.0,22437.0,22442.0,118,2648020.0
2025-06-11 23:23:00.000000,22442.0,22451.0,22440.0,22449.0,65,1458980.0
2025-06-11 23:24:00.000000,22449.0,22452.0,22447.0,22452.0,52,1167421.0
2025-06-11 23:25:00.000000,22452.0,22456.0,22451.0,22454.0,73,1639157.0
2025-06-11 23:26:00.000000,22455.0,22456.0,22439.0,22441.0,117,2626314.0
2025-06-11 23:27:00.000000,22439.0,22439.0,22430.0,22438.0,182,4082985.0
2025-06-11 23:28:00.000000,22437.0,22446.0,22436.0,22445.0,44,987387.0
2025-06-11 23:29:00.000000,22445.0,22447.0,22440.0,22446.0,75,1683260.0
2025-06-11 23:30:00.000000,22444.0,22444.0,22437.0,22441.0,55,1234253.0
2025-06-11 23:31:00.000000,22442.0,22448.0,22442.0,22444.0,51,1144644.0
2025-06-11 23:32:00.000000,22442.0,22443.0,22437.0,22442.0,68,1525904.0
2025-06-11 23:33:00.000000,22442.0,22445.0,22441.0,22441.0,20,448860.0
2025-06-11 23:34:00.000000,22442.0,22444.0,22436.0,22438.0,52,1166844.0
2025-06-11 23:35:00.000000,22438.0,22443.0,22437.0,22442.0,40,897582.0
2025-06-11 23:36:00.000000,22440.0,22447.0,22439.0,22447.0,73,1638436.0
2025-06-11 23:37:00.000000,22448.0,22453.0,22445.0,22447.0,88,1975603.0
2025-06-11 23:38:00.000000,22448.0,22451.0,22448.0,22449.0,29,651020.0
2025-06-11 23:39:00.000000,22449.0,22454.0,22443.0,22445.0,48,1077515.0
2025-06-11 23:40:00.000000,22443.0,22443.0,22436.0,22436.0,71,1593222.0
2025-06-11 23:41:00.000000,22436.0,22442.0,22435.0,22442.0,65,1458454.0
2025-06-11 23:42:00.000000,22442.0,22442.0,22432.0,22432.0,43,964742.0
2025-06-11 23:43:00.000000,22433.0,22435.0,22429.0,22435.0,133,2983398.0
2025-06-11 23:44:00.000000,22436.0,22437.0,22430.0,22430.0,40,897376.0
2025-06-11 23:45:00.000000,22430.0,22431.0,22423.0,22429.0,148,3319190.0
2025-06-11 23:46:00.000000,22430.0,22436.0,22430.0,22431.0,62,1390802.0
2025-06-11 23:47:00.000000,22431.0,22438.0,22428.0,22437.0,44,987072.0
2025-06-11 23:48:00.000000,22438.0,22440.0,22433.0,22433.0,53,1189203.0
2025-06-11 23:49:00.000000,22434.0,22434.0,22420.0,22421.0,129,2892787.0
2025-06-11 23:50:00.000000,22420.0,22427.0,22415.0,22427.0,158,3542366.0
2025-06-11 23:51:00.000000,22428.0,22431.0,22427.0,22431.0,52,1166320.0
2025-06-11 23:52:00.000000,22430.0,22437.0,22429.0,22435.0,70,1570315.0
2025-06-11 23:53:00.000000,22434.0,22437.0,22433.0,22433.0,43,964704.0
2025-06-11 23:54:00.000000,22433.0,22438.0,22432.0,22436.0,28,628179.0
2025-06-11 23:55:00.000000,22436.0,22445.0,22436.0,22441.0,97,2176814.0
2025-06-11 23:56:00.000000,22441.0,22442.0,22433.0,22433.0,56,1256542.0
2025-06-11 23:57:00.000000,22435.0,22435.0,22431.0,22433.0,43,964614.0
2025-06-11 23:58:00.000000,22435.0,22438.0,22431.0,22431.0,25,560885.0
2025-06-11 23:59:00.000000,22431.0,22432.0,22426.0,22431.0,43,964445.0
