day,entry_mode,exit_mode,entry_ts,entry_px,atr,net,gross,exit_reason,wash_label,w15,w30,w60,dip_depth,mfe,mae,br,delta_br,sell_ratio,vol_shrink,drive_high,drive_low
2026-01-02,flow_turn,sealed,1767318300,29196.0,25.0,-5.0,0.0,breakeven,momentum_clean,14.0,72.0,209.0,11.0,209.0,33.0,0.75,0.1786,0.2974,False,29205.0,29077.0
2026-01-02,flow_turn,wash_struct,1767318300,29196.0,25.0,-36.25,-31.25,stop_loss,momentum_clean,14.0,72.0,209.0,11.0,209.0,33.0,0.75,0.1786,0.2974,False,29205.0,29077.0
2026-01-02,flow_turn,drive_low_struct,1767318300,29196.0,25.0,9.0,14.0,horizon,momentum_clean,14.0,72.0,209.0,11.0,209.0,33.0,0.75,0.1786,0.2974,False,29205.0,29077.0
2026-01-02,flow_turn,momentum_tail,1767318300,29196.0,25.0,-36.25,-31.25,stop_loss,momentum_clean,14.0,72.0,209.0,11.0,209.0,33.0,0.75,0.1786,0.2974,False,29205.0,29077.0
2026-01-02,flow_turn,momentum_tail_trail,1767318300,29196.0,25.0,-36.25,-31.25,stop_loss,momentum_clean,14.0,72.0,209.0,11.0,209.0,33.0,0.75,0.1786,0.2974,False,29205.0,29077.0
2026-01-02,p0,sealed,1767318569,29206.0,25.0,-36.25,-31.25,stop_loss,momentum_clean,43.0,99.0,193.0,29.0,205.0,43.0,0.859,0.0006,0.0981,False,29205.0,29077.0
2026-01-02,p0,wash_struct,1767318569,29206.0,25.0,38.0,43.0,horizon,momentum_clean,43.0,99.0,193.0,29.0,205.0,43.0,0.859,0.0006,0.0981,False,29205.0,29077.0
2026-01-02,p0,drive_low_struct,1767318569,29206.0,25.0,38.0,43.0,horizon,momentum_clean,43.0,99.0,193.0,29.0,205.0,43.0,0.859,0.0006,0.0981,False,29205.0,29077.0
2026-01-02,p0,momentum_tail,1767318569,29206.0,25.0,32.0,37.0,trail_stop,momentum_clean,43.0,99.0,193.0,29.0,205.0,43.0,0.859,0.0006,0.0981,False,29205.0,29077.0
2026-01-02,p0,momentum_tail_trail,1767318569,29206.0,25.0,32.0,37.0,trail_stop,momentum_clean,43.0,99.0,193.0,29.0,205.0,43.0,0.859,0.0006,0.0981,False,29205.0,29077.0
2026-01-02,reclaim_br,sealed,1767320038,29264.0,25.0,31.0,36.0,trail_stop,momentum_clean,110.0,132.0,185.0,42.0,191.0,3.0,0.6373,0.1448,0.3627,False,29205.0,29077.0
2026-01-02,reclaim_br,wash_struct,1767320038,29264.0,25.0,31.0,36.0,trail_stop,momentum_clean,110.0,132.0,185.0,42.0,191.0,3.0,0.6373,0.1448,0.3627,False,29205.0,29077.0
2026-01-02,reclaim_br,drive_low_struct,1767320038,29264.0,25.0,31.0,36.0,trail_stop,momentum_clean,110.0,132.0,185.0,42.0,191.0,3.0,0.6373,0.1448,0.3627,False,29205.0,29077.0
2026-01-02,reclaim_br,momentum_tail,1767320038,29264.0,25.0,31.0,36.0,trail_stop,momentum_clean,110.0,132.0,185.0,42.0,191.0,3.0,0.6373,0.1448,0.3627,False,29205.0,29077.0
2026-01-02,reclaim_br,momentum_tail_trail,1767320038,29264.0,25.0,31.0,36.0,trail_stop,momentum_clean,110.0,132.0,185.0,42.0,191.0,3.0,0.6373,0.1448,0.3627,False,29205.0,29077.0
2026-01-05,p0,sealed,1767577500,30179.0,35.5,71.7,76.7,trail_stop,momentum_clean,2.0,114.0,136.0,0.0,205.0,41.0,1.0,0.0,0.3333,False,30176.0,29945.0
2026-01-05,p0,wash_struct,1767577500,30179.0,35.5,71.7,76.7,trail_stop,momentum_clean,2.0,114.0,136.0,0.0,205.0,41.0,1.0,0.0,0.3333,False,30176.0,29945.0
2026-01-05,p0,drive_low_struct,1767577500,30179.0,35.5,71.7,76.7,trail_stop,momentum_clean,2.0,114.0,136.0,0.0,205.0,41.0,1.0,0.0,0.3333,False,30176.0,29945.0
2026-01-05,p0,momentum_tail,1767577500,30179.0,35.5,71.7,76.7,trail_stop,momentum_clean,2.0,114.0,136.0,0.0,205.0,41.0,1.0,0.0,0.3333,False,30176.0,29945.0
2026-01-05,p0,momentum_tail_trail,1767577500,30179.0,35.5,71.7,76.7,trail_stop,momentum_clean,2.0,114.0,136.0,0.0,205.0,41.0,1.0,0.0,0.3333,False,30176.0,29945.0
2026-01-05,p0_quality,sealed,1767577500,30179.0,35.5,71.7,76.7,trail_stop,momentum_clean,2.0,114.0,136.0,0.0,205.0,41.0,1.0,0.0,0.3333,False,30176.0,29945.0
2026-01-05,p0_quality,wash_struct,1767577500,30179.0,35.5,71.7,76.7,trail_stop,momentum_clean,2.0,114.0,136.0,0.0,205.0,41.0,1.0,0.0,0.3333,False,30176.0,29945.0
2026-01-05,p0_quality,drive_low_struct,1767577500,30179.0,35.5,71.7,76.7,trail_stop,momentum_clean,2.0,114.0,136.0,0.0,205.0,41.0,1.0,0.0,0.3333,False,30176.0,29945.0
2026-01-05,p0_quality,momentum_tail,1767577500,30179.0,35.5,71.7,76.7,trail_stop,momentum_clean,2.0,114.0,136.0,0.0,205.0,41.0,1.0,0.0,0.3333,False,30176.0,29945.0
2026-01-05,p0_quality,momentum_tail_trail,1767577500,30179.0,35.5,71.7,76.7,trail_stop,momentum_clean,2.0,114.0,136.0,0.0,205.0,41.0,1.0,0.0,0.3333,False,30176.0,29945.0
2026-01-05,reclaim_br,sealed,1767577909,30259.0,35.5,-49.38,-44.38,stop_loss,momentum_clean,-37.0,82.0,109.0,8.0,125.0,121.0,0.4896,0.1667,0.5164,True,30176.0,29945.0
2026-01-05,reclaim_br,wash_struct,1767577909,30259.0,35.5,-49.38,-44.38,stop_loss,momentum_clean,-37.0,82.0,109.0,8.0,125.0,121.0,0.4896,0.1667,0.5164,True,30176.0,29945.0
2026-01-05,reclaim_br,drive_low_struct,1767577909,30259.0,35.5,-42.0,-37.0,horizon,momentum_clean,-37.0,82.0,109.0,8.0,125.0,121.0,0.4896,0.1667,0.5164,True,30176.0,29945.0
2026-01-05,reclaim_br,momentum_tail,1767577909,30259.0,35.5,-49.38,-44.38,stop_loss,momentum_clean,-37.0,82.0,109.0,8.0,125.0,121.0,0.4896,0.1667,0.5164,True,30176.0,29945.0
2026-01-05,reclaim_br,momentum_tail_trail,1767577909,30259.0,35.5,-49.38,-44.38,stop_loss,momentum_clean,-37.0,82.0,109.0,8.0,125.0,121.0,0.4896,0.1667,0.5164,True,30176.0,29945.0
2026-01-05,flow_turn,sealed,1767579776,30342.0,35.5,-5.0,0.0,breakeven,momentum_clean,-20.0,35.0,101.0,38.0,145.0,65.0,0.6389,0.1902,0.367,False,30176.0,29945.0
2026-01-05,flow_turn,wash_struct,1767579776,30342.0,35.5,-25.0,-20.0,horizon,momentum_clean,-20.0,35.0,101.0,38.0,145.0,65.0,0.6389,0.1902,0.367,False,30176.0,29945.0
2026-01-05,flow_turn,drive_low_struct,1767579776,30342.0,35.5,-25.0,-20.0,horizon,momentum_clean,-20.0,35.0,101.0,38.0,145.0,65.0,0.6389,0.1902,0.367,False,30176.0,29945.0
2026-01-05,flow_turn,momentum_tail,1767579776,30342.0,35.5,30.0,35.0,horizon,momentum_clean,-20.0,35.0,101.0,38.0,145.0,65.0,0.6389,0.1902,0.367,False,30176.0,29945.0
2026-01-05,flow_turn,momentum_tail_trail,1767579776,30342.0,35.5,30.0,35.0,horizon,momentum_clean,-20.0,35.0,101.0,38.0,145.0,65.0,0.6389,0.1902,0.367,False,30176.0,29945.0
2026-01-14,flow_turn,sealed,1768355468,31007.0,27.57,77.71,82.71,take_profit,momentum_clean,70.0,110.0,7.0,55.0,154.0,53.0,0.7231,0.1291,0.2748,False,31037.0,30961.0
2026-01-14,flow_turn,wash_struct,1768355468,31007.0,27.57,77.71,82.71,take_profit,momentum_clean,70.0,110.0,7.0,55.0,154.0,53.0,0.7231,0.1291,0.2748,False,31037.0,30961.0
2026-01-14,flow_turn,drive_low_struct,1768355468,31007.0,27.57,77.71,82.71,take_profit,momentum_clean,70.0,110.0,7.0,55.0,154.0,53.0,0.7231,0.1291,0.2748,False,31037.0,30961.0
2026-01-14,flow_turn,momentum_tail,1768355468,31007.0,27.57,77.71,82.71,take_profit,momentum_clean,70.0,110.0,7.0,55.0,154.0,53.0,0.7231,0.1291,0.2748,False,31037.0,30961.0
2026-01-14,flow_turn,momentum_tail_trail,1768355468,31007.0,27.57,64.46,69.46,trail_stop,momentum_clean,70.0,110.0,7.0,55.0,154.0,53.0,0.7231,0.1291,0.2748,False,31037.0,30961.0
2026-01-14,p0,sealed,1768355582,31038.0,27.57,46.46,51.46,trail_stop,momentum_clean,30.0,116.0,-45.0,55.0,123.0,84.0,0.7879,0.0008,0.1864,False,31037.0,30961.0
2026-01-14,p0,wash_struct,1768355582,31038.0,27.57,46.46,51.46,trail_stop,momentum_clean,30.0,116.0,-45.0,55.0,123.0,84.0,0.7879,0.0008,0.1864,False,31037.0,30961.0
2026-01-14,p0,drive_low_struct,1768355582,31038.0,27.57,46.46,51.46,trail_stop,momentum_clean,30.0,116.0,-45.0,55.0,123.0,84.0,0.7879,0.0008,0.1864,False,31037.0,30961.0
2026-01-14,p0,momentum_tail,1768355582,31038.0,27.57,46.46,51.46,trail_stop,momentum_clean,30.0,116.0,-45.0,55.0,123.0,84.0,0.7879,0.0008,0.1864,False,31037.0,30961.0
2026-01-14,p0,momentum_tail_trail,1768355582,31038.0,27.57,46.46,51.46,trail_stop,momentum_clean,30.0,116.0,-45.0,55.0,123.0,84.0,0.7879,0.0008,0.1864,False,31037.0,30961.0
2026-01-14,reclaim_br,sealed,1768356347,31085.0,27.57,-39.46,-34.46,stop_loss,momentum_clean,33.0,-94.0,-67.0,55.0,76.0,131.0,0.5424,0.1262,0.4472,True,31037.0,30961.0
2026-01-14,reclaim_br,wash_struct,1768356347,31085.0,27.57,28.0,33.0,horizon,momentum_clean,33.0,-94.0,-67.0,55.0,76.0,131.0,0.5424,0.1262,0.4472,True,31037.0,30961.0
2026-01-14,reclaim_br,drive_low_struct,1768356347,31085.0,27.57,28.0,33.0,horizon,momentum_clean,33.0,-94.0,-67.0,55.0,76.0,131.0,0.5424,0.1262,0.4472,True,31037.0,30961.0
2026-01-14,reclaim_br,momentum_tail,1768356347,31085.0,27.57,39.46,44.46,trail_stop,momentum_clean,33.0,-94.0,-67.0,55.0,76.0,131.0,0.5424,0.1262,0.4472,True,31037.0,30961.0
2026-01-14,reclaim_br,momentum_tail_trail,1768356347,31085.0,27.57,39.46,44.46,trail_stop,momentum_clean,33.0,-94.0,-67.0,55.0,76.0,131.0,0.5424,0.1262,0.4472,True,31037.0,30961.0
2026-01-22,flow_turn,sealed,1769046756,31944.0,33.71,-47.14,-42.14,stop_loss,momentum_clean,43.0,91.0,17.0,82.0,110.0,54.0,0.577,0.315,0.4248,False,31999.0,31852.0
2026-01-22,flow_turn,wash_struct,1769046756,31944.0,33.71,38.0,43.0,horizon,momentum_clean,43.0,91.0,17.0,82.0,110.0,54.0,0.577,0.315,0.4248,False,31999.0,31852.0
2026-01-22,flow_turn,drive_low_struct,1769046756,31944.0,33.71,38.0,43.0,horizon,momentum_clean,43.0,91.0,17.0,82.0,110.0,54.0,0.577,0.315,0.4248,False,31999.0,31852.0
2026-01-22,flow_turn,momentum_tail,1769046756,31944.0,33.71,96.14,101.14,take_profit,momentum_clean,43.0,91.0,17.0,82.0,110.0,54.0,0.577,0.315,0.4248,False,31999.0,31852.0
2026-01-22,flow_turn,momentum_tail_trail,1769046756,31944.0,33.71,84.77,89.77,trail_stop,momentum_clean,43.0,91.0,17.0,82.0,110.0,54.0,0.577,0.315,0.4248,False,31999.0,31852.0
2026-01-22,p0,sealed,1769047618,32000.0,33.71,35.0,40.0,horizon,momentum_clean,40.0,-29.0,26.0,109.0,54.0,55.0,0.9226,0.0017,0.0685,False,31999.0,31852.0
2026-01-22,p0,wash_struct,1769047618,32000.0,33.71,35.0,40.0,horizon,momentum_clean,40.0,-29.0,26.0,109.0,54.0,55.0,0.9226,0.0017,0.0685,False,31999.0,31852.0
2026-01-22,p0,drive_low_struct,1769047618,32000.0,33.71,35.0,40.0,horizon,momentum_clean,40.0,-29.0,26.0,109.0,54.0,55.0,0.9226,0.0017,0.0685,False,31999.0,31852.0
2026-01-22,p0,momentum_tail,1769047618,32000.0,33.71,-34.0,-29.0,horizon,momentum_clean,40.0,-29.0,26.0,109.0,54.0,55.0,0.9226,0.0017,0.0685,False,31999.0,31852.0
2026-01-22,p0,momentum_tail_trail,1769047618,32000.0,33.71,-34.0,-29.0,horizon,momentum_clean,40.0,-29.0,26.0,109.0,54.0,55.0,0.9226,0.0017,0.0685,False,31999.0,31852.0
2026-01-22,reclaim_br,sealed,1769048145,32029.0,33.71,-28.0,-23.0,horizon,momentum_clean,-23.0,-58.0,-34.0,109.0,21.0,84.0,0.3644,0.1377,0.627,False,31999.0,31852.0
2026-01-22,reclaim_br,wash_struct,1769048145,32029.0,33.71,-28.0,-23.0,horizon,momentum_clean,-23.0,-58.0,-34.0,109.0,21.0,84.0,0.3644,0.1377,0.627,False,31999.0,31852.0
2026-01-22,reclaim_br,drive_low_struct,1769048145,32029.0,33.71,-28.0,-23.0,horizon,momentum_clean,-23.0,-58.0,-34.0,109.0,21.0,84.0,0.3644,0.1377,0.627,False,31999.0,31852.0
2026-01-22,reclaim_br,momentum_tail,1769048145,32029.0,33.71,-63.0,-58.0,horizon,momentum_clean,-23.0,-58.0,-34.0,109.0,21.0,84.0,0.3644,0.1377,0.627,False,31999.0,31852.0
2026-01-22,reclaim_br,momentum_tail_trail,1769048145,32029.0,33.71,-63.0,-58.0,horizon,momentum_clean,-23.0,-58.0,-34.0,109.0,21.0,84.0,0.3644,0.1377,0.627,False,31999.0,31852.0
2026-01-28,flow_turn,sealed,1769564934,32717.0,25.0,-5.0,0.0,breakeven,momentum_clean,32.0,44.0,22.0,157.0,66.0,26.0,0.7264,0.174,0.3362,True,32838.0,32668.0
2026-01-28,flow_turn,wash_struct,1769564934,32717.0,25.0,27.0,32.0,horizon,momentum_clean,32.0,44.0,22.0,157.0,66.0,26.0,0.7264,0.174,0.3362,True,32838.0,32668.0
2026-01-28,flow_turn,drive_low_struct,1769564934,32717.0,25.0,27.0,32.0,horizon,momentum_clean,32.0,44.0,22.0,157.0,66.0,26.0,0.7264,0.174,0.3362,True,32838.0,32668.0
2026-01-28,flow_turn,momentum_tail,1769564934,32717.0,25.0,46.0,51.0,trail_stop,momentum_clean,32.0,44.0,22.0,157.0,66.0,26.0,0.7264,0.174,0.3362,True,32838.0,32668.0
2026-01-28,flow_turn,momentum_tail_trail,1769564934,32717.0,25.0,46.0,51.0,trail_stop,momentum_clean,32.0,44.0,22.0,157.0,66.0,26.0,0.7264,0.174,0.3362,True,32838.0,32668.0
2026-02-03,flow_turn,sealed,1770083885,32218.0,34.0,-47.5,-42.5,stop_loss,momentum_clean,-171.0,-184.0,-78.0,225.0,20.0,215.0,0.5909,0.1382,0.4348,False,32412.0,32277.0
2026-02-03,flow_turn,wash_struct,1770083885,32218.0,34.0,-176.0,-171.0,horizon,momentum_clean,-171.0,-184.0,-78.0,225.0,20.0,215.0,0.5909,0.1382,0.4348,False,32412.0,32277.0
2026-02-03,flow_turn,drive_low_struct,1770083885,32218.0,34.0,52.0,57.0,stop_loss,momentum_clean,-171.0,-184.0,-78.0,225.0,20.0,215.0,0.5909,0.1382,0.4348,False,32412.0,32277.0
2026-02-03,flow_turn,momentum_tail,1770083885,32218.0,34.0,-189.0,-184.0,horizon,momentum_clean,-171.0,-184.0,-78.0,225.0,20.0,215.0,0.5909,0.1382,0.4348,False,32412.0,32277.0
2026-02-03,flow_turn,momentum_tail_trail,1770083885,32218.0,34.0,-189.0,-184.0,horizon,momentum_clean,-171.0,-184.0,-78.0,225.0,20.0,215.0,0.5909,0.1382,0.4348,False,32412.0,32277.0
2026-02-09,flow_turn,sealed,1770601500,32573.0,38.71,-5.0,0.0,breakeven,momentum_clean,54.0,74.0,107.0,52.0,115.0,39.0,0.8,0.1333,0.6201,False,32621.0,32514.0
2026-02-09,flow_turn,wash_struct,1770601500,32573.0,38.71,49.0,54.0,horizon,momentum_clean,54.0,74.0,107.0,52.0,115.0,39.0,0.8,0.1333,0.6201,False,32621.0,32514.0
2026-02-09,flow_turn,drive_low_struct,1770601500,32573.0,38.71,49.0,54.0,horizon,momentum_clean,54.0,74.0,107.0,52.0,115.0,39.0,0.8,0.1333,0.6201,False,32621.0,32514.0
2026-02-09,flow_turn,momentum_tail,1770601500,32573.0,38.71,65.77,70.77,trail_stop,momentum_clean,54.0,74.0,107.0,52.0,115.0,39.0,0.8,0.1333,0.6201,False,32621.0,32514.0
2026-02-09,flow_turn,momentum_tail_trail,1770601500,32573.0,38.71,65.77,70.77,trail_stop,momentum_clean,54.0,74.0,107.0,52.0,115.0,39.0,0.8,0.1333,0.6201,False,32621.0,32514.0
2026-02-09,p0,sealed,1770601904,32622.0,38.71,-53.39,-48.39,stop_loss,momentum_clean,49.0,30.0,39.0,87.0,66.0,72.0,0.789,0.0004,0.1967,False,32621.0,32514.0
2026-02-09,p0,wash_struct,1770601904,32622.0,38.71,44.0,49.0,horizon,momentum_clean,49.0,30.0,39.0,87.0,66.0,72.0,0.789,0.0004,0.1967,False,32621.0,32514.0
2026-02-09,p0,drive_low_struct,1770601904,32622.0,38.71,44.0,49.0,horizon,momentum_clean,49.0,30.0,39.0,87.0,66.0,72.0,0.789,0.0004,0.1967,False,32621.0,32514.0
2026-02-09,p0,momentum_tail,1770601904,32622.0,38.71,25.0,30.0,horizon,momentum_clean,49.0,30.0,39.0,87.0,66.0,72.0,0.789,0.0004,0.1967,False,32621.0,32514.0
2026-02-09,p0,momentum_tail_trail,1770601904,32622.0,38.71,25.0,30.0,horizon,momentum_clean,49.0,30.0,39.0,87.0,66.0,72.0,0.789,0.0004,0.1967,False,32621.0,32514.0
2026-02-09,reclaim_br,sealed,1770602859,32659.0,38.71,-26.0,-21.0,horizon,momentum_clean,-21.0,13.0,-12.0,87.0,29.0,50.0,0.3636,0.1414,0.5932,False,32621.0,32514.0
2026-02-09,reclaim_br,wash_struct,1770602859,32659.0,38.71,-26.0,-21.0,horizon,momentum_clean,-21.0,13.0,-12.0,87.0,29.0,50.0,0.3636,0.1414,0.5932,False,32621.0,32514.0
2026-02-09,reclaim_br,drive_low_struct,1770602859,32659.0,38.71,-26.0,-21.0,horizon,momentum_clean,-21.0,13.0,-12.0,87.0,29.0,50.0,0.3636,0.1414,0.5932,False,32621.0,32514.0
2026-02-09,reclaim_br,momentum_tail,1770602859,32659.0,38.71,8.0,13.0,horizon,momentum_clean,-21.0,13.0,-12.0,87.0,29.0,50.0,0.3636,0.1414,0.5932,False,32621.0,32514.0
2026-02-09,reclaim_br,momentum_tail_trail,1770602859,32659.0,38.71,8.0,13.0,horizon,momentum_clean,-21.0,13.0,-12.0,87.0,29.0,50.0,0.3636,0.1414,0.5932,False,32621.0,32514.0
2026-02-10,flow_turn,sealed,1770687900,33075.0,35.64,45.61,50.61,trail_stop,momentum_clean,58.0,37.0,12.0,66.0,72.0,53.0,0.8333,0.1667,0.4744,False,33139.0,32993.0
2026-02-10,flow_turn,wash_struct,1770687900,33075.0,35.64,45.61,50.61,trail_stop,momentum_clean,58.0,37.0,12.0,66.0,72.0,53.0,0.8333,0.1667,0.4744,False,33139.0,32993.0
2026-02-10,flow_turn,drive_low_struct,1770687900,33075.0,35.64,45.61,50.61,trail_stop,momentum_clean,58.0,37.0,12.0,66.0,72.0,53.0,0.8333,0.1667,0.4744,False,33139.0,32993.0
2026-02-10,flow_turn,momentum_tail,1770687900,33075.0,35.64,45.61,50.61,trail_stop,momentum_clean,58.0,37.0,12.0,66.0,72.0,53.0,0.8333,0.1667,0.4744,False,33139.0,32993.0
2026-02-10,flow_turn,momentum_tail_trail,1770687900,33075.0,35.64,45.61,50.61,trail_stop,momentum_clean,58.0,37.0,12.0,66.0,72.0,53.0,0.8333,0.1667,0.4744,False,33139.0,32993.0
2026-02-10,p0,sealed,1770688112,33140.0,35.64,-49.55,-44.55,stop_loss,wash_real,-48.0,-48.0,-68.0,87.0,7.0,118.0,0.8802,0.0004,0.1043,False,33139.0,32993.0
2026-02-10,p0,wash_struct,1770688112,33140.0,35.64,-53.0,-48.0,horizon,wash_real,-48.0,-48.0,-68.0,87.0,7.0,118.0,0.8802,0.0004,0.1043,False,33139.0,32993.0
2026-02-10,p0,drive_low_struct,1770688112,33140.0,35.64,-53.0,-48.0,horizon,wash_real,-48.0,-48.0,-68.0,87.0,7.0,118.0,0.8802,0.0004,0.1043,False,33139.0,32993.0
2026-02-10,p0,momentum_tail,1770688112,33140.0,35.64,-53.0,-48.0,horizon,wash_real,-48.0,-48.0,-68.0,87.0,7.0,118.0,0.8802,0.0004,0.1043,False,33139.0,32993.0
2026-02-10,p0,momentum_tail_trail,1770688112,33140.0,35.64,-53.0,-48.0,horizon,wash_real,-48.0,-48.0,-68.0,87.0,7.0,118.0,0.8802,0.0004,0.1043,False,33139.0,32993.0
2026-02-11,p0,sealed,1770774300,33501.0,33.0,-5.0,0.0,breakeven,momentum_clean,9.0,39.0,154.0,6.0,161.0,39.0,0.8837,0.0028,0.4826,False,33500.0,33367.0
2026-02-11,p0,wash_struct,1770774300,33501.0,33.0,4.0,9.0,horizon,momentum_clean,9.0,39.0,154.0,6.0,161.0,39.0,0.8837,0.0028,0.4826,False,33500.0,33367.0
2026-02-11,p0,drive_low_struct,1770774300,33501.0,33.0,4.0,9.0,horizon,momentum_clean,9.0,39.0,154.0,6.0,161.0,39.0,0.8837,0.0028,0.4826,False,33500.0,33367.0
2026-02-11,p0,momentum_tail,1770774300,33501.0,33.0,34.0,39.0,horizon,momentum_clean,9.0,39.0,154.0,6.0,161.0,39.0,0.8837,0.0028,0.4826,False,33500.0,33367.0
2026-02-11,p0,momentum_tail_trail,1770774300,33501.0,33.0,34.0,39.0,horizon,momentum_clean,9.0,39.0,154.0,6.0,161.0,39.0,0.8837,0.0028,0.4826,False,33500.0,33367.0
2026-02-11,reclaim_br,sealed,1770774609,33544.0,33.0,-46.25,-41.25,stop_loss,momentum_clean,-2.0,0.0,147.0,6.0,170.0,82.0,0.5333,0.1246,0.4261,False,33500.0,33367.0
2026-02-11,reclaim_br,wash_struct,1770774609,33544.0,33.0,-46.25,-41.25,stop_loss,momentum_clean,-2.0,0.0,147.0,6.0,170.0,82.0,0.5333,0.1246,0.4261,False,33500.0,33367.0
2026-02-11,reclaim_br,drive_low_struct,1770774609,33544.0,33.0,-7.0,-2.0,horizon,momentum_clean,-2.0,0.0,147.0,6.0,170.0,82.0,0.5333,0.1246,0.4261,False,33500.0,33367.0
2026-02-11,reclaim_br,momentum_tail,1770774609,33544.0,33.0,-46.25,-41.25,stop_loss,momentum_clean,-2.0,0.0,147.0,6.0,170.0,82.0,0.5333,0.1246,0.4261,False,33500.0,33367.0
2026-02-11,reclaim_br,momentum_tail_trail,1770774609,33544.0,33.0,-46.25,-41.25,stop_loss,momentum_clean,-2.0,0.0,147.0,6.0,170.0,82.0,0.5333,0.1246,0.4261,False,33500.0,33367.0
2026-02-11,flow_turn,sealed,1770775005,33510.0,33.0,25.0,30.0,horizon,momentum_clean,30.0,100.0,273.0,38.0,284.0,14.0,0.5605,0.1821,0.4639,False,33500.0,33367.0
2026-02-11,flow_turn,wash_struct,1770775005,33510.0,33.0,25.0,30.0,horizon,momentum_clean,30.0,100.0,273.0,38.0,284.0,14.0,0.5605,0.1821,0.4639,False,33500.0,33367.0
2026-02-11,flow_turn,drive_low_struct,1770775005,33510.0,33.0,25.0,30.0,horizon,momentum_clean,30.0,100.0,273.0,38.0,284.0,14.0,0.5605,0.1821,0.4639,False,33500.0,33367.0
2026-02-11,flow_turn,momentum_tail,1770775005,33510.0,33.0,94.0,99.0,take_profit,momentum_clean,30.0,100.0,273.0,38.0,284.0,14.0,0.5605,0.1821,0.4639,False,33500.0,33367.0
2026-02-11,flow_turn,momentum_tail_trail,1770775005,33510.0,33.0,76.2,81.2,trail_stop,momentum_clean,30.0,100.0,273.0,38.0,284.0,14.0,0.5605,0.1821,0.4639,False,33500.0,33367.0
2026-02-24,p0,sealed,1771897501,34561.0,42.29,-57.86,-52.86,stop_loss,momentum_clean,-16.0,31.0,179.0,8.0,273.0,63.0,0.903,0.0006,0.3087,False,34560.0,34302.0
2026-02-24,p0,wash_struct,1771897501,34561.0,42.29,-57.86,-52.86,stop_loss,momentum_clean,-16.0,31.0,179.0,8.0,273.0,63.0,0.903,0.0006,0.3087,False,34560.0,34302.0
2026-02-24,p0,drive_low_struct,1771897501,34561.0,42.29,-21.0,-16.0,horizon,momentum_clean,-16.0,31.0,179.0,8.0,273.0,63.0,0.903,0.0006,0.3087,False,34560.0,34302.0
2026-02-24,p0,momentum_tail,1771897501,34561.0,42.29,-57.86,-52.86,stop_loss,momentum_clean,-16.0,31.0,179.0,8.0,273.0,63.0,0.903,0.0006,0.3087,False,34560.0,34302.0
2026-02-24,p0,momentum_tail_trail,1771897501,34561.0,42.29,-57.86,-52.86,stop_loss,momentum_clean,-16.0,31.0,179.0,8.0,273.0,63.0,0.903,0.0006,0.3087,False,34560.0,34302.0
2026-02-24,flow_turn,sealed,1771897834,34558.0,42.29,-57.86,-52.86,stop_loss,momentum_clean,8.0,97.0,217.0,39.0,276.0,60.0,0.6733,0.1253,0.3398,False,34560.0,34302.0
2026-02-24,flow_turn,wash_struct,1771897834,34558.0,42.29,3.0,8.0,horizon,momentum_clean,8.0,97.0,217.0,39.0,276.0,60.0,0.6733,0.1253,0.3398,False,34560.0,34302.0
2026-02-24,flow_turn,drive_low_struct,1771897834,34558.0,42.29,3.0,8.0,horizon,momentum_clean,8.0,97.0,217.0,39.0,276.0,60.0,0.6733,0.1253,0.3398,False,34560.0,34302.0
2026-02-24,flow_turn,momentum_tail,1771897834,34558.0,42.29,92.0,97.0,horizon,momentum_clean,8.0,97.0,217.0,39.0,276.0,60.0,0.6733,0.1253,0.3398,False,34560.0,34302.0
2026-02-24,flow_turn,momentum_tail_trail,1771897834,34558.0,42.29,92.0,97.0,horizon,momentum_clean,8.0,97.0,217.0,39.0,276.0,60.0,0.6733,0.1253,0.3398,False,34560.0,34302.0
2026-02-24,reclaim_br,sealed,1771898648,34580.0,42.29,72.0,77.0,horizon,momentum_clean,77.0,232.0,228.0,62.0,254.0,28.0,0.6277,0.154,0.4009,False,34560.0,34302.0
2026-02-24,reclaim_br,wash_struct,1771898648,34580.0,42.29,72.0,77.0,horizon,momentum_clean,77.0,232.0,228.0,62.0,254.0,28.0,0.6277,0.154,0.4009,False,34560.0,34302.0
2026-02-24,reclaim_br,drive_low_struct,1771898648,34580.0,42.29,72.0,77.0,horizon,momentum_clean,77.0,232.0,228.0,62.0,254.0,28.0,0.6277,0.154,0.4009,False,34560.0,34302.0
2026-02-24,reclaim_br,momentum_tail,1771898648,34580.0,42.29,121.86,126.86,take_profit,momentum_clean,77.0,232.0,228.0,62.0,254.0,28.0,0.6277,0.154,0.4009,False,34560.0,34302.0
2026-02-24,reclaim_br,momentum_tail_trail,1771898648,34580.0,42.29,211.63,216.63,trail_stop,momentum_clean,77.0,232.0,228.0,62.0,254.0,28.0,0.6277,0.154,0.4009,False,34560.0,34302.0
2026-02-25,p0,sealed,1771983936,35314.0,41.43,-5.0,0.0,breakeven,momentum_clean,30.0,172.0,337.0,26.0,361.0,9.0,0.6966,0.0014,0.2881,False,35313.0,35111.0
2026-02-25,p0,wash_struct,1771983936,35314.0,41.43,25.0,30.0,horizon,momentum_clean,30.0,172.0,337.0,26.0,361.0,9.0,0.6966,0.0014,0.2881,False,35313.0,35111.0
2026-02-25,p0,drive_low_struct,1771983936,35314.0,41.43,25.0,30.0,horizon,momentum_clean,30.0,172.0,337.0,26.0,361.0,9.0,0.6966,0.0014,0.2881,False,35313.0,35111.0
2026-02-25,p0,momentum_tail,1771983936,35314.0,41.43,119.29,124.29,take_profit,momentum_clean,30.0,172.0,337.0,26.0,361.0,9.0,0.6966,0.0014,0.2881,False,35313.0,35111.0
2026-02-25,p0,momentum_tail_trail,1771983936,35314.0,41.43,103.14,108.14,trail_stop,momentum_clean,30.0,172.0,337.0,26.0,361.0,9.0,0.6966,0.0014,0.2881,False,35313.0,35111.0
2026-02-25,reclaim_br,sealed,1771984668,35330.0,41.43,87.14,92.14,trail_stop,momentum_clean,107.0,206.0,423.0,26.0,445.0,10.0,0.3884,0.1258,0.6116,False,35313.0,35111.0
2026-02-25,reclaim_br,wash_struct,1771984668,35330.0,41.43,87.14,92.14,trail_stop,momentum_clean,107.0,206.0,423.0,26.0,445.0,10.0,0.3884,0.1258,0.6116,False,35313.0,35111.0
2026-02-25,reclaim_br,drive_low_struct,1771984668,35330.0,41.43,87.14,92.14,trail_stop,momentum_clean,107.0,206.0,423.0,26.0,445.0,10.0,0.3884,0.1258,0.6116,False,35313.0,35111.0
2026-02-25,reclaim_br,momentum_tail,1771984668,35330.0,41.43,87.14,92.14,trail_stop,momentum_clean,107.0,206.0,423.0,26.0,445.0,10.0,0.3884,0.1258,0.6116,False,35313.0,35111.0
2026-02-25,reclaim_br,momentum_tail_trail,1771984668,35330.0,41.43,87.14,92.14,trail_stop,momentum_clean,107.0,206.0,423.0,26.0,445.0,10.0,0.3884,0.1258,0.6116,False,35313.0,35111.0
2026-02-25,flow_turn,sealed,1771984896,35343.0,41.43,74.14,79.14,trail_stop,momentum_clean,134.0,227.0,392.0,26.0,432.0,8.0,0.6508,0.1446,0.3382,False,35313.0,35111.0
2026-02-25,flow_turn,wash_struct,1771984896,35343.0,41.43,74.14,79.14,trail_stop,momentum_clean,134.0,227.0,392.0,26.0,432.0,8.0,0.6508,0.1446,0.3382,False,35313.0,35111.0
2026-02-25,flow_turn,drive_low_struct,1771984896,35343.0,41.43,74.14,79.14,trail_stop,momentum_clean,134.0,227.0,392.0,26.0,432.0,8.0,0.6508,0.1446,0.3382,False,35313.0,35111.0
2026-02-25,flow_turn,momentum_tail,1771984896,35343.0,41.43,74.14,79.14,trail_stop,momentum_clean,134.0,227.0,392.0,26.0,432.0,8.0,0.6508,0.1446,0.3382,False,35313.0,35111.0
2026-02-25,flow_turn,momentum_tail_trail,1771984896,35343.0,41.43,74.14,79.14,trail_stop,momentum_clean,134.0,227.0,392.0,26.0,432.0,8.0,0.6508,0.1446,0.3382,False,35313.0,35111.0
2026-03-05,flow_turn,sealed,1772675100,33980.0,49.86,-5.0,0.0,breakeven,momentum_clean,-276.0,-326.0,-246.0,316.0,66.0,589.0,0.6667,0.2667,0.4974,False,34293.0,33929.0
2026-03-05,flow_turn,wash_struct,1772675100,33980.0,49.86,-281.0,-276.0,horizon,momentum_clean,-276.0,-326.0,-246.0,316.0,66.0,589.0,0.6667,0.2667,0.4974,False,34293.0,33929.0
2026-03-05,flow_turn,drive_low_struct,1772675100,33980.0,49.86,-58.0,-53.0,stop_loss,momentum_clean,-276.0,-326.0,-246.0,316.0,66.0,589.0,0.6667,0.2667,0.4974,False,34293.0,33929.0
2026-03-05,flow_turn,momentum_tail,1772675100,33980.0,49.86,-331.0,-326.0,horizon,momentum_clean,-276.0,-326.0,-246.0,316.0,66.0,589.0,0.6667,0.2667,0.4974,False,34293.0,33929.0
2026-03-05,flow_turn,momentum_tail_trail,1772675100,33980.0,49.86,-331.0,-326.0,horizon,momentum_clean,-276.0,-326.0,-246.0,316.0,66.0,589.0,0.6667,0.2667,0.4974,False,34293.0,33929.0
2026-03-10,flow_turn,sealed,1773107100,33084.0,76.64,111.01,116.01,trail_stop,momentum_clean,129.0,105.0,-31.0,69.0,184.0,45.0,0.6875,0.142,0.2545,False,33148.0,32932.0
2026-03-10,flow_turn,wash_struct,1773107100,33084.0,76.64,111.01,116.01,trail_stop,momentum_clean,129.0,105.0,-31.0,69.0,184.0,45.0,0.6875,0.142,0.2545,False,33148.0,32932.0
2026-03-10,flow_turn,drive_low_struct,1773107100,33084.0,76.64,111.01,116.01,trail_stop,momentum_clean,129.0,105.0,-31.0,69.0,184.0,45.0,0.6875,0.142,0.2545,False,33148.0,32932.0
2026-03-10,flow_turn,momentum_tail,1773107100,33084.0,76.64,111.01,116.01,trail_stop,momentum_clean,129.0,105.0,-31.0,69.0,184.0,45.0,0.6875,0.142,0.2545,False,33148.0,32932.0
2026-03-10,flow_turn,momentum_tail_trail,1773107100,33084.0,76.64,111.01,116.01,trail_stop,momentum_clean,129.0,105.0,-31.0,69.0,184.0,45.0,0.6875,0.142,0.2545,False,33148.0,32932.0
2026-03-10,p0,sealed,1773107385,33149.0,76.64,77.0,82.0,horizon,momentum_clean,82.0,9.0,-193.0,109.0,119.0,193.0,0.7428,0.0005,0.2572,False,33148.0,32932.0
2026-03-10,p0,wash_struct,1773107385,33149.0,76.64,77.0,82.0,horizon,momentum_clean,82.0,9.0,-193.0,109.0,119.0,193.0,0.7428,0.0005,0.2572,False,33148.0,32932.0
2026-03-10,p0,drive_low_struct,1773107385,33149.0,76.64,77.0,82.0,horizon,momentum_clean,82.0,9.0,-193.0,109.0,119.0,193.0,0.7428,0.0005,0.2572,False,33148.0,32932.0
2026-03-10,p0,momentum_tail,1773107385,33149.0,76.64,4.0,9.0,horizon,momentum_clean,82.0,9.0,-193.0,109.0,119.0,193.0,0.7428,0.0005,0.2572,False,33148.0,32932.0
2026-03-10,p0,momentum_tail_trail,1773107385,33149.0,76.64,4.0,9.0,horizon,momentum_clean,82.0,9.0,-193.0,109.0,119.0,193.0,0.7428,0.0005,0.2572,False,33148.0,32932.0
2026-03-10,reclaim_br,sealed,1773108783,33192.0,76.64,-100.8,-95.8,stop_loss,wash_real,-46.0,-103.0,-420.0,109.0,8.0,436.0,0.6968,0.1562,0.3045,False,33148.0,32932.0
2026-03-10,reclaim_br,wash_struct,1773108783,33192.0,76.64,-51.0,-46.0,horizon,wash_real,-46.0,-103.0,-420.0,109.0,8.0,436.0,0.6968,0.1562,0.3045,False,33148.0,32932.0
2026-03-10,reclaim_br,drive_low_struct,1773108783,33192.0,76.64,-51.0,-46.0,horizon,wash_real,-46.0,-103.0,-420.0,109.0,8.0,436.0,0.6968,0.1562,0.3045,False,33148.0,32932.0
2026-03-10,reclaim_br,momentum_tail,1773108783,33192.0,76.64,-108.0,-103.0,horizon,wash_real,-46.0,-103.0,-420.0,109.0,8.0,436.0,0.6968,0.1562,0.3045,False,33148.0,32932.0
2026-03-10,reclaim_br,momentum_tail_trail,1773108783,33192.0,76.64,-108.0,-103.0,horizon,wash_real,-46.0,-103.0,-420.0,109.0,8.0,436.0,0.6968,0.1562,0.3045,False,33148.0,32932.0
2026-03-11,flow_turn,sealed,1773194094,33675.0,55.93,-32.0,-27.0,horizon,momentum_clean,-27.0,148.0,252.0,81.0,255.0,98.0,0.7516,0.1287,0.2436,False,33695.0,33413.0
2026-03-11,flow_turn,wash_struct,1773194094,33675.0,55.93,-32.0,-27.0,horizon,momentum_clean,-27.0,148.0,252.0,81.0,255.0,98.0,0.7516,0.1287,0.2436,False,33695.0,33413.0
2026-03-11,flow_turn,drive_low_struct,1773194094,33675.0,55.93,-32.0,-27.0,horizon,momentum_clean,-27.0,148.0,252.0,81.0,255.0,98.0,0.7516,0.1287,0.2436,False,33695.0,33413.0
2026-03-11,flow_turn,momentum_tail,1773194094,33675.0,55.93,81.44,86.44,trail_stop,momentum_clean,-27.0,148.0,252.0,81.0,255.0,98.0,0.7516,0.1287,0.2436,False,33695.0,33413.0
2026-03-11,flow_turn,momentum_tail_trail,1773194094,33675.0,55.93,81.44,86.44,trail_stop,momentum_clean,-27.0,148.0,252.0,81.0,255.0,98.0,0.7516,0.1287,0.2436,False,33695.0,33413.0
2026-03-11,p0,sealed,1773194197,33696.0,55.93,-74.91,-69.91,stop_loss,momentum_clean,-87.0,136.0,236.0,81.0,248.0,119.0,0.8077,0.0007,0.1093,False,33695.0,33413.0
2026-03-11,p0,wash_struct,1773194197,33696.0,55.93,-92.0,-87.0,horizon,momentum_clean,-87.0,136.0,236.0,81.0,248.0,119.0,0.8077,0.0007,0.1093,False,33695.0,33413.0
2026-03-11,p0,drive_low_struct,1773194197,33696.0,55.93,-92.0,-87.0,horizon,momentum_clean,-87.0,136.0,236.0,81.0,248.0,119.0,0.8077,0.0007,0.1093,False,33695.0,33413.0
2026-03-11,p0,momentum_tail,1773194197,33696.0,55.93,105.44,110.44,trail_stop,momentum_clean,-87.0,136.0,236.0,81.0,248.0,119.0,0.8077,0.0007,0.1093,False,33695.0,33413.0
2026-03-11,p0,momentum_tail_trail,1773194197,33696.0,55.93,105.44,110.44,trail_stop,momentum_clean,-87.0,136.0,236.0,81.0,248.0,119.0,0.8077,0.0007,0.1093,False,33695.0,33413.0
2026-03-11,reclaim_br,sealed,1773195501,33788.0,55.93,30.0,35.0,horizon,momentum_clean,35.0,80.0,232.0,118.0,272.0,31.0,0.5741,0.1458,0.4246,False,33695.0,33413.0
2026-03-11,reclaim_br,wash_struct,1773195501,33788.0,55.93,30.0,35.0,horizon,momentum_clean,35.0,80.0,232.0,118.0,272.0,31.0,0.5741,0.1458,0.4246,False,33695.0,33413.0
2026-03-11,reclaim_br,drive_low_struct,1773195501,33788.0,55.93,30.0,35.0,horizon,momentum_clean,35.0,80.0,232.0,118.0,272.0,31.0,0.5741,0.1458,0.4246,False,33695.0,33413.0
2026-03-11,reclaim_br,momentum_tail,1773195501,33788.0,55.93,75.0,80.0,horizon,momentum_clean,35.0,80.0,232.0,118.0,272.0,31.0,0.5741,0.1458,0.4246,False,33695.0,33413.0
2026-03-11,reclaim_br,momentum_tail_trail,1773195501,33788.0,55.93,75.0,80.0,horizon,momentum_clean,35.0,80.0,232.0,118.0,272.0,31.0,0.5741,0.1458,0.4246,False,33695.0,33413.0
2026-03-17,flow_turn,sealed,1773714342,33885.0,50.71,-68.39,-63.39,stop_loss,wash_real,4.0,-129.0,-41.0,282.0,25.0,195.0,0.8182,0.1443,0.1818,False,34016.0,33707.0
2026-03-17,flow_turn,wash_struct,1773714342,33885.0,50.71,-1.0,4.0,horizon,wash_real,4.0,-129.0,-41.0,282.0,25.0,195.0,0.8182,0.1443,0.1818,False,34016.0,33707.0
2026-03-17,flow_turn,drive_low_struct,1773714342,33885.0,50.71,-1.0,4.0,horizon,wash_real,4.0,-129.0,-41.0,282.0,25.0,195.0,0.8182,0.1443,0.1818,False,34016.0,33707.0
2026-03-17,flow_turn,momentum_tail,1773714342,33885.0,50.71,-158.0,-153.0,stop_loss,wash_real,4.0,-129.0,-41.0,282.0,25.0,195.0,0.8182,0.1443,0.1818,False,34016.0,33707.0
2026-03-17,flow_turn,momentum_tail_trail,1773714342,33885.0,50.71,-158.0,-153.0,stop_loss,wash_real,4.0,-129.0,-41.0,282.0,25.0,195.0,0.8182,0.1443,0.1818,False,34016.0,33707.0
2026-03-18,flow_turn,sealed,1773798595,34293.0,41.93,54.84,59.84,trail_stop,momentum_clean,-106.0,-90.0,-37.0,158.0,85.0,193.0,0.5506,0.1841,0.4494,False,34426.0,34151.0
2026-03-18,flow_turn,wash_struct,1773798595,34293.0,41.93,54.84,59.84,trail_stop,momentum_clean,-106.0,-90.0,-37.0,158.0,85.0,193.0,0.5506,0.1841,0.4494,False,34426.0,34151.0
2026-03-18,flow_turn,drive_low_struct,1773798595,34293.0,41.93,54.84,59.84,trail_stop,momentum_clean,-106.0,-90.0,-37.0,158.0,85.0,193.0,0.5506,0.1841,0.4494,False,34426.0,34151.0
2026-03-18,flow_turn,momentum_tail,1773798595,34293.0,41.93,54.84,59.84,trail_stop,momentum_clean,-106.0,-90.0,-37.0,158.0,85.0,193.0,0.5506,0.1841,0.4494,False,34426.0,34151.0
2026-03-18,flow_turn,momentum_tail_trail,1773798595,34293.0,41.93,54.84,59.84,trail_stop,momentum_clean,-106.0,-90.0,-37.0,158.0,85.0,193.0,0.5506,0.1841,0.4494,False,34426.0,34151.0
2026-03-25,p0,sealed,1774403883,33760.0,51.21,-69.02,-64.02,stop_loss,momentum_clean,-232.0,-148.0,-260.0,155.0,29.0,279.0,0.8693,0.0003,0.0745,False,33759.0,33575.0
2026-03-25,p0,wash_struct,1774403883,33760.0,51.21,-237.0,-232.0,horizon,momentum_clean,-232.0,-148.0,-260.0,155.0,29.0,279.0,0.8693,0.0003,0.0745,False,33759.0,33575.0
2026-03-25,p0,drive_low_struct,1774403883,33760.0,51.21,-192.0,-187.0,stop_loss,momentum_clean,-232.0,-148.0,-260.0,155.0,29.0,279.0,0.8693,0.0003,0.0745,False,33759.0,33575.0
2026-03-25,p0,momentum_tail,1774403883,33760.0,51.21,-153.0,-148.0,horizon,momentum_clean,-232.0,-148.0,-260.0,155.0,29.0,279.0,0.8693,0.0003,0.0745,False,33759.0,33575.0
2026-03-25,p0,momentum_tail_trail,1774403883,33760.0,51.21,-153.0,-148.0,horizon,momentum_clean,-232.0,-148.0,-260.0,155.0,29.0,279.0,0.8693,0.0003,0.0745,False,33759.0,33575.0
2026-03-25,flow_turn,sealed,1774405177,33594.0,51.21,-5.0,0.0,breakeven,momentum_clean,17.0,-62.0,-85.0,257.0,41.0,150.0,0.6163,0.1514,0.3837,True,33759.0,33575.0
2026-03-25,flow_turn,wash_struct,1774405177,33594.0,51.21,12.0,17.0,horizon,momentum_clean,17.0,-62.0,-85.0,257.0,41.0,150.0,0.6163,0.1514,0.3837,True,33759.0,33575.0
2026-03-25,flow_turn,drive_low_struct,1774405177,33594.0,51.21,-26.0,-21.0,stop_loss,momentum_clean,17.0,-62.0,-85.0,257.0,41.0,150.0,0.6163,0.1514,0.3837,True,33759.0,33575.0
2026-03-25,flow_turn,momentum_tail,1774405177,33594.0,51.21,-67.0,-62.0,horizon,momentum_clean,17.0,-62.0,-85.0,257.0,41.0,150.0,0.6163,0.1514,0.3837,True,33759.0,33575.0
2026-03-25,flow_turn,momentum_tail_trail,1774405177,33594.0,51.21,-67.0,-62.0,horizon,momentum_clean,17.0,-62.0,-85.0,257.0,41.0,150.0,0.6163,0.1514,0.3837,True,33759.0,33575.0
2026-04-01,flow_turn,sealed,1775007900,33140.0,59.79,62.0,67.0,horizon,momentum_clean,67.0,40.0,131.0,95.0,150.0,45.0,0.625,0.125,0.6464,False,33232.0,32961.0
2026-04-01,flow_turn,wash_struct,1775007900,33140.0,59.79,62.0,67.0,horizon,momentum_clean,67.0,40.0,131.0,95.0,150.0,45.0,0.625,0.125,0.6464,False,33232.0,32961.0
2026-04-01,flow_turn,drive_low_struct,1775007900,33140.0,59.79,62.0,67.0,horizon,momentum_clean,67.0,40.0,131.0,95.0,150.0,45.0,0.625,0.125,0.6464,False,33232.0,32961.0
2026-04-01,flow_turn,momentum_tail,1775007900,33140.0,59.79,109.13,114.13,trail_stop,momentum_clean,67.0,40.0,131.0,95.0,150.0,45.0,0.625,0.125,0.6464,False,33232.0,32961.0
2026-04-01,flow_turn,momentum_tail_trail,1775007900,33140.0,59.79,109.13,114.13,trail_stop,momentum_clean,67.0,40.0,131.0,95.0,150.0,45.0,0.625,0.125,0.6464,False,33232.0,32961.0
2026-04-01,p0,sealed,1775008898,33233.0,59.79,-5.0,0.0,breakeven,momentum_clean,-66.0,2.0,55.0,137.0,67.0,79.0,0.8734,0.0042,0.103,False,33232.0,32961.0
2026-04-01,p0,wash_struct,1775008898,33233.0,59.79,-71.0,-66.0,horizon,momentum_clean,-66.0,2.0,55.0,137.0,67.0,79.0,0.8734,0.0042,0.103,False,33232.0,32961.0
2026-04-01,p0,drive_low_struct,1775008898,33233.0,59.79,-71.0,-66.0,horizon,momentum_clean,-66.0,2.0,55.0,137.0,67.0,79.0,0.8734,0.0042,0.103,False,33232.0,32961.0
2026-04-01,p0,momentum_tail,1775008898,33233.0,59.79,-3.0,2.0,horizon,momentum_clean,-66.0,2.0,55.0,137.0,67.0,79.0,0.8734,0.0042,0.103,False,33232.0,32961.0
2026-04-01,p0,momentum_tail_trail,1775008898,33233.0,59.79,-3.0,2.0,horizon,momentum_clean,-66.0,2.0,55.0,137.0,67.0,79.0,0.8734,0.0042,0.103,False,33232.0,32961.0
2026-04-07,flow_turn,sealed,1775526859,33060.0,52.57,-70.71,-65.71,stop_loss,momentum_clean,22.0,-7.0,82.0,343.0,155.0,103.0,0.6235,0.1392,0.3785,False,33374.0,33156.0
2026-04-07,flow_turn,wash_struct,1775526859,33060.0,52.57,17.0,22.0,horizon,momentum_clean,22.0,-7.0,82.0,343.0,155.0,103.0,0.6235,0.1392,0.3785,False,33374.0,33156.0
2026-04-07,flow_turn,drive_low_struct,1775526859,33060.0,52.57,89.0,94.0,stop_loss,momentum_clean,22.0,-7.0,82.0,343.0,155.0,103.0,0.6235,0.1392,0.3785,False,33374.0,33156.0
2026-04-07,flow_turn,momentum_tail,1775526859,33060.0,52.57,-12.0,-7.0,horizon,momentum_clean,22.0,-7.0,82.0,343.0,155.0,103.0,0.6235,0.1392,0.3785,False,33374.0,33156.0
2026-04-07,flow_turn,momentum_tail_trail,1775526859,33060.0,52.57,-12.0,-7.0,horizon,momentum_clean,22.0,-7.0,82.0,343.0,155.0,103.0,0.6235,0.1392,0.3785,False,33374.0,33156.0
2026-04-08,flow_turn,sealed,1775612700,34738.0,45.14,89.91,94.91,trail_stop,momentum_clean,147.0,259.0,223.0,63.0,304.0,4.0,0.6667,0.6667,0.5745,False,34799.0,34510.0
2026-04-08,flow_turn,wash_struct,1775612700,34738.0,45.14,89.91,94.91,trail_stop,momentum_clean,147.0,259.0,223.0,63.0,304.0,4.0,0.6667,0.6667,0.5745,False,34799.0,34510.0
2026-04-08,flow_turn,drive_low_struct,1775612700,34738.0,45.14,89.91,94.91,trail_stop,momentum_clean,147.0,259.0,223.0,63.0,304.0,4.0,0.6667,0.6667,0.5745,False,34799.0,34510.0
2026-04-08,flow_turn,momentum_tail,1775612700,34738.0,45.14,89.91,94.91,trail_stop,momentum_clean,147.0,259.0,223.0,63.0,304.0,4.0,0.6667,0.6667,0.5745,False,34799.0,34510.0
2026-04-08,flow_turn,momentum_tail_trail,1775612700,34738.0,45.14,89.91,94.91,trail_stop,momentum_clean,147.0,259.0,223.0,63.0,304.0,4.0,0.6667,0.6667,0.5745,False,34799.0,34510.0
2026-04-08,p0,sealed,1775612881,34800.0,45.14,130.43,135.43,take_profit,momentum_clean,154.0,215.0,187.0,65.0,242.0,12.0,0.7852,0.0523,0.1429,False,34799.0,34510.0
2026-04-08,p0,wash_struct,1775612881,34800.0,45.14,130.43,135.43,take_profit,momentum_clean,154.0,215.0,187.0,65.0,242.0,12.0,0.7852,0.0523,0.1429,False,34799.0,34510.0
2026-04-08,p0,drive_low_struct,1775612881,34800.0,45.14,130.43,135.43,take_profit,momentum_clean,154.0,215.0,187.0,65.0,242.0,12.0,0.7852,0.0523,0.1429,False,34799.0,34510.0
2026-04-08,p0,momentum_tail,1775612881,34800.0,45.14,130.43,135.43,take_profit,momentum_clean,154.0,215.0,187.0,65.0,242.0,12.0,0.7852,0.0523,0.1429,False,34799.0,34510.0
2026-04-08,p0,momentum_tail_trail,1775612881,34800.0,45.14,159.91,164.91,trail_stop,momentum_clean,154.0,215.0,187.0,65.0,242.0,12.0,0.7852,0.0523,0.1429,False,34799.0,34510.0
2026-04-08,reclaim_br,sealed,1775613551,34864.0,45.14,95.91,100.91,trail_stop,momentum_clean,114.0,113.0,112.0,65.0,178.0,2.0,0.6641,0.1324,0.1552,False,34799.0,34510.0
2026-04-08,reclaim_br,wash_struct,1775613551,34864.0,45.14,95.91,100.91,trail_stop,momentum_clean,114.0,113.0,112.0,65.0,178.0,2.0,0.6641,0.1324,0.1552,False,34799.0,34510.0
2026-04-08,reclaim_br,drive_low_struct,1775613551,34864.0,45.14,95.91,100.91,trail_stop,momentum_clean,114.0,113.0,112.0,65.0,178.0,2.0,0.6641,0.1324,0.1552,False,34799.0,34510.0
2026-04-08,reclaim_br,momentum_tail,1775613551,34864.0,45.14,95.91,100.91,trail_stop,momentum_clean,114.0,113.0,112.0,65.0,178.0,2.0,0.6641,0.1324,0.1552,False,34799.0,34510.0
2026-04-08,reclaim_br,momentum_tail_trail,1775613551,34864.0,45.14,95.91,100.91,trail_stop,momentum_clean,114.0,113.0,112.0,65.0,178.0,2.0,0.6641,0.1324,0.1552,False,34799.0,34510.0
2026-04-10,flow_turn,sealed,1775785500,35470.0,44.5,-5.0,0.0,breakeven,momentum_clean,-8.0,-124.0,-68.0,53.0,63.0,212.0,1.0,0.5,0.4585,False,35520.0,35311.0
2026-04-10,flow_turn,wash_struct,1775785500,35470.0,44.5,-13.0,-8.0,horizon,momentum_clean,-8.0,-124.0,-68.0,53.0,63.0,212.0,1.0,0.5,0.4585,False,35520.0,35311.0
2026-04-10,flow_turn,drive_low_struct,1775785500,35470.0,44.5,-13.0,-8.0,horizon,momentum_clean,-8.0,-124.0,-68.0,53.0,63.0,212.0,1.0,0.5,0.4585,False,35520.0,35311.0
2026-04-10,flow_turn,momentum_tail,1775785500,35470.0,44.5,-129.0,-124.0,horizon,momentum_clean,-8.0,-124.0,-68.0,53.0,63.0,212.0,1.0,0.5,0.4585,False,35520.0,35311.0
2026-04-10,flow_turn,momentum_tail_trail,1775785500,35470.0,44.5,-129.0,-124.0,horizon,momentum_clean,-8.0,-124.0,-68.0,53.0,63.0,212.0,1.0,0.5,0.4585,False,35520.0,35311.0
2026-04-10,p0,sealed,1775785739,35521.0,44.5,-60.62,-55.62,stop_loss,wash_real,-137.0,-194.0,-122.0,78.0,12.0,263.0,0.7778,0.001,0.1773,False,35520.0,35311.0
2026-04-10,p0,wash_struct,1775785739,35521.0,44.5,-142.0,-137.0,horizon,wash_real,-137.0,-194.0,-122.0,78.0,12.0,263.0,0.7778,0.001,0.1773,False,35520.0,35311.0
2026-04-10,p0,drive_low_struct,1775785739,35521.0,44.5,-142.0,-137.0,horizon,wash_real,-137.0,-194.0,-122.0,78.0,12.0,263.0,0.7778,0.001,0.1773,False,35520.0,35311.0
2026-04-10,p0,momentum_tail,1775785739,35521.0,44.5,-199.0,-194.0,horizon,wash_real,-137.0,-194.0,-122.0,78.0,12.0,263.0,0.7778,0.001,0.1773,False,35520.0,35311.0
2026-04-10,p0,momentum_tail_trail,1775785739,35521.0,44.5,-199.0,-194.0,horizon,wash_real,-137.0,-194.0,-122.0,78.0,12.0,263.0,0.7778,0.001,0.1773,False,35520.0,35311.0
2026-04-14,flow_turn,sealed,1776132150,36003.0,37.21,106.64,111.64,take_profit,momentum_clean,194.0,125.0,299.0,284.0,326.0,4.0,0.5602,0.1578,0.4379,True,36274.0,36040.0
2026-04-14,flow_turn,wash_struct,1776132150,36003.0,37.21,106.64,111.64,take_profit,momentum_clean,194.0,125.0,299.0,284.0,326.0,4.0,0.5602,0.1578,0.4379,True,36274.0,36040.0
2026-04-14,flow_turn,drive_low_struct,1776132150,36003.0,37.21,30.0,35.0,stop_loss,momentum_clean,194.0,125.0,299.0,284.0,326.0,4.0,0.5602,0.1578,0.4379,True,36274.0,36040.0
2026-04-14,flow_turn,momentum_tail,1776132150,36003.0,37.21,106.64,111.64,take_profit,momentum_clean,194.0,125.0,299.0,284.0,326.0,4.0,0.5602,0.1578,0.4379,True,36274.0,36040.0
2026-04-14,flow_turn,momentum_tail_trail,1776132150,36003.0,37.21,177.67,182.67,trail_stop,momentum_clean,194.0,125.0,299.0,284.0,326.0,4.0,0.5602,0.1578,0.4379,True,36274.0,36040.0
2026-04-15,p0,sealed,1776217500,36982.0,29.0,41.6,46.6,trail_stop,momentum_clean,60.0,26.0,-25.0,0.0,85.0,38.0,0.5,0.5,0.2121,False,36980.0,36700.0
2026-04-15,p0,wash_struct,1776217500,36982.0,29.0,41.6,46.6,trail_stop,momentum_clean,60.0,26.0,-25.0,0.0,85.0,38.0,0.5,0.5,0.2121,False,36980.0,36700.0
2026-04-15,p0,drive_low_struct,1776217500,36982.0,29.0,41.6,46.6,trail_stop,momentum_clean,60.0,26.0,-25.0,0.0,85.0,38.0,0.5,0.5,0.2121,False,36980.0,36700.0
2026-04-15,p0,momentum_tail,1776217500,36982.0,29.0,41.6,46.6,trail_stop,momentum_clean,60.0,26.0,-25.0,0.0,85.0,38.0,0.5,0.5,0.2121,False,36980.0,36700.0
2026-04-15,p0,momentum_tail_trail,1776217500,36982.0,29.0,41.6,46.6,trail_stop,momentum_clean,60.0,26.0,-25.0,0.0,85.0,38.0,0.5,0.5,0.2121,False,36980.0,36700.0
2026-04-15,flow_turn,sealed,1776217734,37000.0,29.0,-5.0,0.0,breakeven,momentum_clean,32.0,44.0,-17.0,12.0,67.0,56.0,0.5946,0.1502,0.4054,False,36980.0,36700.0
2026-04-15,flow_turn,wash_struct,1776217734,37000.0,29.0,44.6,49.6,trail_stop,momentum_clean,32.0,44.0,-17.0,12.0,67.0,56.0,0.5946,0.1502,0.4054,False,36980.0,36700.0
2026-04-15,flow_turn,drive_low_struct,1776217734,37000.0,29.0,44.6,49.6,trail_stop,momentum_clean,32.0,44.0,-17.0,12.0,67.0,56.0,0.5946,0.1502,0.4054,False,36980.0,36700.0
2026-04-15,flow_turn,momentum_tail,1776217734,37000.0,29.0,44.6,49.6,trail_stop,momentum_clean,32.0,44.0,-17.0,12.0,67.0,56.0,0.5946,0.1502,0.4054,False,36980.0,36700.0
2026-04-15,flow_turn,momentum_tail_trail,1776217734,37000.0,29.0,44.6,49.6,trail_stop,momentum_clean,32.0,44.0,-17.0,12.0,67.0,56.0,0.5946,0.1502,0.4054,False,36980.0,36700.0
2026-04-15,reclaim_br,sealed,1776217734,37000.0,29.0,-5.0,0.0,breakeven,momentum_clean,32.0,44.0,-17.0,12.0,67.0,56.0,0.5946,0.1502,0.4054,False,36980.0,36700.0
2026-04-15,reclaim_br,wash_struct,1776217734,37000.0,29.0,44.6,49.6,trail_stop,momentum_clean,32.0,44.0,-17.0,12.0,67.0,56.0,0.5946,0.1502,0.4054,False,36980.0,36700.0
2026-04-15,reclaim_br,drive_low_struct,1776217734,37000.0,29.0,44.6,49.6,trail_stop,momentum_clean,32.0,44.0,-17.0,12.0,67.0,56.0,0.5946,0.1502,0.4054,False,36980.0,36700.0
2026-04-15,reclaim_br,momentum_tail,1776217734,37000.0,29.0,44.6,49.6,trail_stop,momentum_clean,32.0,44.0,-17.0,12.0,67.0,56.0,0.5946,0.1502,0.4054,False,36980.0,36700.0
2026-04-15,reclaim_br,momentum_tail_trail,1776217734,37000.0,29.0,44.6,49.6,trail_stop,momentum_clean,32.0,44.0,-17.0,12.0,67.0,56.0,0.5946,0.1502,0.4054,False,36980.0,36700.0
2026-04-16,flow_turn,sealed,1776303900,37278.0,51.36,-36.0,-31.0,horizon,momentum_clean,-31.0,-23.0,-161.0,64.0,36.0,163.0,0.8,0.3,0.7745,False,37340.0,37188.0
2026-04-16,flow_turn,wash_struct,1776303900,37278.0,51.36,-36.0,-31.0,horizon,momentum_clean,-31.0,-23.0,-161.0,64.0,36.0,163.0,0.8,0.3,0.7745,False,37340.0,37188.0
2026-04-16,flow_turn,drive_low_struct,1776303900,37278.0,51.36,-36.0,-31.0,horizon,momentum_clean,-31.0,-23.0,-161.0,64.0,36.0,163.0,0.8,0.3,0.7745,False,37340.0,37188.0
2026-04-16,flow_turn,momentum_tail,1776303900,37278.0,51.36,-28.0,-23.0,horizon,momentum_clean,-31.0,-23.0,-161.0,64.0,36.0,163.0,0.8,0.3,0.7745,False,37340.0,37188.0
2026-04-16,flow_turn,momentum_tail_trail,1776303900,37278.0,51.36,-28.0,-23.0,horizon,momentum_clean,-31.0,-23.0,-161.0,64.0,36.0,163.0,0.8,0.3,0.7745,False,37340.0,37188.0
2026-04-20,flow_turn,sealed,1776649500,37621.0,55.64,-5.0,0.0,breakeven,momentum_clean,14.0,-117.0,-24.0,25.0,67.0,144.0,0.6667,0.6667,0.4244,True,37645.0,37444.0
2026-04-20,flow_turn,wash_struct,1776649500,37621.0,55.64,9.0,14.0,horizon,momentum_clean,14.0,-117.0,-24.0,25.0,67.0,144.0,0.6667,0.6667,0.4244,True,37645.0,37444.0
2026-04-20,flow_turn,drive_low_struct,1776649500,37621.0,55.64,9.0,14.0,horizon,momentum_clean,14.0,-117.0,-24.0,25.0,67.0,144.0,0.6667,0.6667,0.4244,True,37645.0,37444.0
2026-04-20,flow_turn,momentum_tail,1776649500,37621.0,55.64,-74.55,-69.55,stop_loss,momentum_clean,14.0,-117.0,-24.0,25.0,67.0,144.0,0.6667,0.6667,0.4244,True,37645.0,37444.0
2026-04-20,flow_turn,momentum_tail_trail,1776649500,37621.0,55.64,-74.55,-69.55,stop_loss,momentum_clean,14.0,-117.0,-24.0,25.0,67.0,144.0,0.6667,0.6667,0.4244,True,37645.0,37444.0
2026-04-20,p0,sealed,1776650096,37646.0,55.64,-5.0,0.0,breakeven,momentum_clean,-102.0,-68.0,-57.0,85.0,42.0,169.0,0.7762,0.0008,0.1094,False,37645.0,37444.0
2026-04-20,p0,wash_struct,1776650096,37646.0,55.64,-107.0,-102.0,horizon,momentum_clean,-102.0,-68.0,-57.0,85.0,42.0,169.0,0.7762,0.0008,0.1094,False,37645.0,37444.0
2026-04-20,p0,drive_low_struct,1776650096,37646.0,55.64,-107.0,-102.0,horizon,momentum_clean,-102.0,-68.0,-57.0,85.0,42.0,169.0,0.7762,0.0008,0.1094,False,37645.0,37444.0
2026-04-20,p0,momentum_tail,1776650096,37646.0,55.64,-73.0,-68.0,horizon,momentum_clean,-102.0,-68.0,-57.0,85.0,42.0,169.0,0.7762,0.0008,0.1094,False,37645.0,37444.0
2026-04-20,p0,momentum_tail_trail,1776650096,37646.0,55.64,-73.0,-68.0,horizon,momentum_clean,-102.0,-68.0,-57.0,85.0,42.0,169.0,0.7762,0.0008,0.1094,False,37645.0,37444.0
2026-04-21,flow_turn,sealed,1776737022,37908.0,60.36,-5.0,0.0,breakeven,momentum_clean,112.0,133.0,132.0,275.0,207.0,33.0,0.6447,0.1644,0.3226,False,37926.0,37711.0
2026-04-21,flow_turn,wash_struct,1776737022,37908.0,60.36,107.0,112.0,horizon,momentum_clean,112.0,133.0,132.0,275.0,207.0,33.0,0.6447,0.1644,0.3226,False,37926.0,37711.0
2026-04-21,flow_turn,drive_low_struct,1776737022,37908.0,60.36,107.0,112.0,horizon,momentum_clean,112.0,133.0,132.0,275.0,207.0,33.0,0.6447,0.1644,0.3226,False,37926.0,37711.0
2026-04-21,flow_turn,momentum_tail,1776737022,37908.0,60.36,176.07,181.07,take_profit,momentum_clean,112.0,133.0,132.0,275.0,207.0,33.0,0.6447,0.1644,0.3226,False,37926.0,37711.0
2026-04-21,flow_turn,momentum_tail_trail,1776737022,37908.0,60.36,165.79,170.79,trail_stop,momentum_clean,112.0,133.0,132.0,275.0,207.0,33.0,0.6447,0.1644,0.3226,False,37926.0,37711.0
2026-04-21,p0,sealed,1776737160,37927.0,60.36,176.07,181.07,take_profit,momentum_clean,157.0,125.0,102.0,275.0,188.0,36.0,0.701,0.0018,0.2654,False,37926.0,37711.0
2026-04-21,p0,wash_struct,1776737160,37927.0,60.36,176.07,181.07,take_profit,momentum_clean,157.0,125.0,102.0,275.0,188.0,36.0,0.701,0.0018,0.2654,False,37926.0,37711.0
2026-04-21,p0,drive_low_struct,1776737160,37927.0,60.36,176.07,181.07,take_profit,momentum_clean,157.0,125.0,102.0,275.0,188.0,36.0,0.701,0.0018,0.2654,False,37926.0,37711.0
2026-04-21,p0,momentum_tail,1776737160,37927.0,60.36,176.07,181.07,take_profit,momentum_clean,157.0,125.0,102.0,275.0,188.0,36.0,0.701,0.0018,0.2654,False,37926.0,37711.0
2026-04-21,p0,momentum_tail_trail,1776737160,37927.0,60.36,146.79,151.79,trail_stop,momentum_clean,157.0,125.0,102.0,275.0,188.0,36.0,0.701,0.0018,0.2654,False,37926.0,37711.0
2026-04-21,reclaim_br,sealed,1776738174,38033.0,60.36,-5.0,0.0,breakeven,momentum_clean,21.0,-20.0,-76.0,275.0,68.0,111.0,0.6203,0.169,0.3745,False,37926.0,37711.0
2026-04-21,reclaim_br,wash_struct,1776738174,38033.0,60.36,16.0,21.0,horizon,momentum_clean,21.0,-20.0,-76.0,275.0,68.0,111.0,0.6203,0.169,0.3745,False,37926.0,37711.0
2026-04-21,reclaim_br,drive_low_struct,1776738174,38033.0,60.36,16.0,21.0,horizon,momentum_clean,21.0,-20.0,-76.0,275.0,68.0,111.0,0.6203,0.169,0.3745,False,37926.0,37711.0
2026-04-21,reclaim_br,momentum_tail,1776738174,38033.0,60.36,-25.0,-20.0,horizon,momentum_clean,21.0,-20.0,-76.0,275.0,68.0,111.0,0.6203,0.169,0.3745,False,37926.0,37711.0
2026-04-21,reclaim_br,momentum_tail_trail,1776738174,38033.0,60.36,-25.0,-20.0,horizon,momentum_clean,21.0,-20.0,-76.0,275.0,68.0,111.0,0.6203,0.169,0.3745,False,37926.0,37711.0
2026-04-23,flow_turn,sealed,1776909767,38496.0,67.0,-88.75,-83.75,stop_loss,wash_real,-425.0,-710.0,-767.0,639.0,0.0,941.0,0.5757,0.1688,0.4241,False,39082.0,38741.0
2026-04-23,flow_turn,wash_struct,1776909767,38496.0,67.0,-430.0,-425.0,horizon,wash_real,-425.0,-710.0,-767.0,639.0,0.0,941.0,0.5757,0.1688,0.4241,False,39082.0,38741.0
2026-04-23,flow_turn,drive_low_struct,1776909767,38496.0,67.0,238.0,243.0,stop_loss,wash_real,-425.0,-710.0,-767.0,639.0,0.0,941.0,0.5757,0.1688,0.4241,False,39082.0,38741.0
2026-04-23,flow_turn,momentum_tail,1776909767,38496.0,67.0,-715.0,-710.0,horizon,wash_real,-425.0,-710.0,-767.0,639.0,0.0,941.0,0.5757,0.1688,0.4241,False,39082.0,38741.0
2026-04-23,flow_turn,momentum_tail_trail,1776909767,38496.0,67.0,-715.0,-710.0,horizon,wash_real,-425.0,-710.0,-767.0,639.0,0.0,941.0,0.5757,0.1688,0.4241,False,39082.0,38741.0
2026-04-24,p0,sealed,1776995266,38818.0,55.43,161.29,166.29,take_profit,momentum_clean,134.0,7.0,-136.0,177.0,258.0,418.0,0.7896,0.0004,0.1713,False,38817.0,38568.0
2026-04-24,p0,wash_struct,1776995266,38818.0,55.43,161.29,166.29,take_profit,momentum_clean,134.0,7.0,-136.0,177.0,258.0,418.0,0.7896,0.0004,0.1713,False,38817.0,38568.0
2026-04-24,p0,drive_low_struct,1776995266,38818.0,55.43,161.29,166.29,take_profit,momentum_clean,134.0,7.0,-136.0,177.0,258.0,418.0,0.7896,0.0004,0.1713,False,38817.0,38568.0
2026-04-24,p0,momentum_tail,1776995266,38818.0,55.43,161.29,166.29,take_profit,momentum_clean,134.0,7.0,-136.0,177.0,258.0,418.0,0.7896,0.0004,0.1713,False,38817.0,38568.0
2026-04-24,p0,momentum_tail_trail,1776995266,38818.0,55.43,136.74,141.74,trail_stop,momentum_clean,134.0,7.0,-136.0,177.0,258.0,418.0,0.7896,0.0004,0.1713,False,38817.0,38568.0
2026-04-24,reclaim_br,sealed,1776996827,38842.0,55.43,-74.29,-69.29,stop_loss,momentum_clean,-353.0,-157.0,-93.0,177.0,38.0,442.0,0.5493,0.1327,0.4516,False,38817.0,38568.0
2026-04-24,reclaim_br,wash_struct,1776996827,38842.0,55.43,-358.0,-353.0,horizon,momentum_clean,-353.0,-157.0,-93.0,177.0,38.0,442.0,0.5493,0.1327,0.4516,False,38817.0,38568.0
2026-04-24,reclaim_br,drive_low_struct,1776996827,38842.0,55.43,-281.0,-276.0,stop_loss,momentum_clean,-353.0,-157.0,-93.0,177.0,38.0,442.0,0.5493,0.1327,0.4516,False,38817.0,38568.0
2026-04-24,reclaim_br,momentum_tail,1776996827,38842.0,55.43,-162.0,-157.0,horizon,momentum_clean,-353.0,-157.0,-93.0,177.0,38.0,442.0,0.5493,0.1327,0.4516,False,38817.0,38568.0
2026-04-24,reclaim_br,momentum_tail_trail,1776996827,38842.0,55.43,-162.0,-157.0,horizon,momentum_clean,-353.0,-157.0,-93.0,177.0,38.0,442.0,0.5493,0.1327,0.4516,False,38817.0,38568.0
2026-04-27,flow_turn,sealed,1777256918,40237.0,107.93,-70.0,-65.0,horizon,momentum_clean,-65.0,-77.0,-105.0,480.0,62.0,209.0,0.6436,0.1242,0.3583,False,40445.0,40011.0
2026-04-27,flow_turn,wash_struct,1777256918,40237.0,107.93,-70.0,-65.0,horizon,momentum_clean,-65.0,-77.0,-105.0,480.0,62.0,209.0,0.6436,0.1242,0.3583,False,40445.0,40011.0
2026-04-27,flow_turn,drive_low_struct,1777256918,40237.0,107.93,-70.0,-65.0,horizon,momentum_clean,-65.0,-77.0,-105.0,480.0,62.0,209.0,0.6436,0.1242,0.3583,False,40445.0,40011.0
2026-04-27,flow_turn,momentum_tail,1777256918,40237.0,107.93,-82.0,-77.0,horizon,momentum_clean,-65.0,-77.0,-105.0,480.0,62.0,209.0,0.6436,0.1242,0.3583,False,40445.0,40011.0
2026-04-27,flow_turn,momentum_tail_trail,1777256918,40237.0,107.93,-82.0,-77.0,horizon,momentum_clean,-65.0,-77.0,-105.0,480.0,62.0,209.0,0.6436,0.1242,0.3583,False,40445.0,40011.0
2026-05-04,p0,sealed,1777859100,40591.0,79.71,46.0,51.0,horizon,momentum_clean,51.0,103.0,264.0,0.0,313.0,75.0,0.0,0.0,0.1646,False,40590.0,40288.0
2026-05-04,p0,wash_struct,1777859100,40591.0,79.71,46.0,51.0,horizon,momentum_clean,51.0,103.0,264.0,0.0,313.0,75.0,0.0,0.0,0.1646,False,40590.0,40288.0
2026-05-04,p0,drive_low_struct,1777859100,40591.0,79.71,46.0,51.0,horizon,momentum_clean,51.0,103.0,264.0,0.0,313.0,75.0,0.0,0.0,0.1646,False,40590.0,40288.0
2026-05-04,p0,momentum_tail,1777859100,40591.0,79.71,98.0,103.0,horizon,momentum_clean,51.0,103.0,264.0,0.0,313.0,75.0,0.0,0.0,0.1646,False,40590.0,40288.0
2026-05-04,p0,momentum_tail_trail,1777859100,40591.0,79.71,98.0,103.0,horizon,momentum_clean,51.0,103.0,264.0,0.0,313.0,75.0,0.0,0.0,0.1646,False,40590.0,40288.0
2026-05-04,flow_turn,sealed,1777859706,40605.0,79.71,-5.0,0.0,breakeven,momentum_clean,9.0,84.0,338.0,74.0,339.0,72.0,0.5787,0.1278,0.3929,False,40590.0,40288.0
2026-05-04,flow_turn,wash_struct,1777859706,40605.0,79.71,4.0,9.0,horizon,momentum_clean,9.0,84.0,338.0,74.0,339.0,72.0,0.5787,0.1278,0.3929,False,40590.0,40288.0
2026-05-04,flow_turn,drive_low_struct,1777859706,40605.0,79.71,4.0,9.0,horizon,momentum_clean,9.0,84.0,338.0,74.0,339.0,72.0,0.5787,0.1278,0.3929,False,40590.0,40288.0
2026-05-04,flow_turn,momentum_tail,1777859706,40605.0,79.71,79.0,84.0,horizon,momentum_clean,9.0,84.0,338.0,74.0,339.0,72.0,0.5787,0.1278,0.3929,False,40590.0,40288.0
2026-05-04,flow_turn,momentum_tail_trail,1777859706,40605.0,79.71,79.0,84.0,horizon,momentum_clean,9.0,84.0,338.0,74.0,339.0,72.0,0.5787,0.1278,0.3929,False,40590.0,40288.0
2026-05-04,reclaim_br,sealed,1777859706,40605.0,79.71,-5.0,0.0,breakeven,momentum_clean,9.0,84.0,338.0,74.0,339.0,72.0,0.5787,0.1278,0.3929,False,40590.0,40288.0
2026-05-04,reclaim_br,wash_struct,1777859706,40605.0,79.71,4.0,9.0,horizon,momentum_clean,9.0,84.0,338.0,74.0,339.0,72.0,0.5787,0.1278,0.3929,False,40590.0,40288.0
2026-05-04,reclaim_br,drive_low_struct,1777859706,40605.0,79.71,4.0,9.0,horizon,momentum_clean,9.0,84.0,338.0,74.0,339.0,72.0,0.5787,0.1278,0.3929,False,40590.0,40288.0
2026-05-04,reclaim_br,momentum_tail,1777859706,40605.0,79.71,79.0,84.0,horizon,momentum_clean,9.0,84.0,338.0,74.0,339.0,72.0,0.5787,0.1278,0.3929,False,40590.0,40288.0
2026-05-04,reclaim_br,momentum_tail_trail,1777859706,40605.0,79.71,79.0,84.0,horizon,momentum_clean,9.0,84.0,338.0,74.0,339.0,72.0,0.5787,0.1278,0.3929,False,40590.0,40288.0
2026-05-06,flow_turn,sealed,1778032961,41283.0,56.86,-5.0,0.0,breakeven,momentum_clean,85.0,11.0,-158.0,765.0,143.0,241.0,0.5541,0.1315,0.4341,True,42000.0,41731.0
2026-05-06,flow_turn,wash_struct,1778032961,41283.0,56.86,86.89,91.89,trail_stop,momentum_clean,85.0,11.0,-158.0,765.0,143.0,241.0,0.5541,0.1315,0.4341,True,42000.0,41731.0
2026-05-06,flow_turn,drive_low_struct,1778032961,41283.0,56.86,441.0,446.0,stop_loss,momentum_clean,85.0,11.0,-158.0,765.0,143.0,241.0,0.5541,0.1315,0.4341,True,42000.0,41731.0
2026-05-06,flow_turn,momentum_tail,1778032961,41283.0,56.86,86.89,91.89,trail_stop,momentum_clean,85.0,11.0,-158.0,765.0,143.0,241.0,0.5541,0.1315,0.4341,True,42000.0,41731.0
2026-05-06,flow_turn,momentum_tail_trail,1778032961,41283.0,56.86,86.89,91.89,trail_stop,momentum_clean,85.0,11.0,-158.0,765.0,143.0,241.0,0.5541,0.1315,0.4341,True,42000.0,41731.0
2026-05-07,p0,sealed,1778118300,42362.0,74.0,-5.0,0.0,breakeven,momentum_clean,-22.0,-107.0,-26.0,0.0,108.0,131.0,1.0,0.0,0.3736,False,42311.0,42066.0
2026-05-07,p0,wash_struct,1778118300,42362.0,74.0,-27.0,-22.0,horizon,momentum_clean,-22.0,-107.0,-26.0,0.0,108.0,131.0,1.0,0.0,0.3736,False,42311.0,42066.0
2026-05-07,p0,drive_low_struct,1778118300,42362.0,74.0,-27.0,-22.0,horizon,momentum_clean,-22.0,-107.0,-26.0,0.0,108.0,131.0,1.0,0.0,0.3736,False,42311.0,42066.0
2026-05-07,p0,momentum_tail,1778118300,42362.0,74.0,-97.5,-92.5,stop_loss,momentum_clean,-22.0,-107.0,-26.0,0.0,108.0,131.0,1.0,0.0,0.3736,False,42311.0,42066.0
2026-05-07,p0,momentum_tail_trail,1778118300,42362.0,74.0,-97.5,-92.5,stop_loss,momentum_clean,-22.0,-107.0,-26.0,0.0,108.0,131.0,1.0,0.0,0.3736,False,42311.0,42066.0
2026-05-07,p0_quality,sealed,1778118300,42362.0,74.0,-5.0,0.0,breakeven,momentum_clean,-22.0,-107.0,-26.0,0.0,108.0,131.0,1.0,0.0,0.3736,False,42311.0,42066.0
2026-05-07,p0_quality,wash_struct,1778118300,42362.0,74.0,-27.0,-22.0,horizon,momentum_clean,-22.0,-107.0,-26.0,0.0,108.0,131.0,1.0,0.0,0.3736,False,42311.0,42066.0
2026-05-07,p0_quality,drive_low_struct,1778118300,42362.0,74.0,-27.0,-22.0,horizon,momentum_clean,-22.0,-107.0,-26.0,0.0,108.0,131.0,1.0,0.0,0.3736,False,42311.0,42066.0
2026-05-07,p0_quality,momentum_tail,1778118300,42362.0,74.0,-97.5,-92.5,stop_loss,momentum_clean,-22.0,-107.0,-26.0,0.0,108.0,131.0,1.0,0.0,0.3736,False,42311.0,42066.0
2026-05-07,p0_quality,momentum_tail_trail,1778118300,42362.0,74.0,-97.5,-92.5,stop_loss,momentum_clean,-22.0,-107.0,-26.0,0.0,108.0,131.0,1.0,0.0,0.3736,False,42311.0,42066.0
2026-05-07,reclaim_br,sealed,1778119240,42347.0,74.0,-97.5,-92.5,stop_loss,momentum_clean,-64.0,40.0,14.0,24.0,123.0,116.0,0.5021,0.1563,0.4879,False,42311.0,42066.0
2026-05-07,reclaim_br,wash_struct,1778119240,42347.0,74.0,-97.5,-92.5,stop_loss,momentum_clean,-64.0,40.0,14.0,24.0,123.0,116.0,0.5021,0.1563,0.4879,False,42311.0,42066.0
2026-05-07,reclaim_br,drive_low_struct,1778119240,42347.0,74.0,-69.0,-64.0,horizon,momentum_clean,-64.0,40.0,14.0,24.0,123.0,116.0,0.5021,0.1563,0.4879,False,42311.0,42066.0
2026-05-07,reclaim_br,momentum_tail,1778119240,42347.0,74.0,-97.5,-92.5,stop_loss,momentum_clean,-64.0,40.0,14.0,24.0,123.0,116.0,0.5021,0.1563,0.4879,False,42311.0,42066.0
2026-05-07,reclaim_br,momentum_tail_trail,1778119240,42347.0,74.0,-97.5,-92.5,stop_loss,momentum_clean,-64.0,40.0,14.0,24.0,123.0,116.0,0.5021,0.1563,0.4879,False,42311.0,42066.0
2026-05-07,flow_turn,sealed,1778120933,42389.0,74.0,-5.0,0.0,breakeven,momentum_clean,-66.0,9.0,-60.0,80.0,81.0,149.0,0.7391,0.1371,0.2593,False,42311.0,42066.0
2026-05-07,flow_turn,wash_struct,1778120933,42389.0,74.0,-71.0,-66.0,horizon,momentum_clean,-66.0,9.0,-60.0,80.0,81.0,149.0,0.7391,0.1371,0.2593,False,42311.0,42066.0
2026-05-07,flow_turn,drive_low_struct,1778120933,42389.0,74.0,-71.0,-66.0,horizon,momentum_clean,-66.0,9.0,-60.0,80.0,81.0,149.0,0.7391,0.1371,0.2593,False,42311.0,42066.0
2026-05-07,flow_turn,momentum_tail,1778120933,42389.0,74.0,4.0,9.0,horizon,momentum_clean,-66.0,9.0,-60.0,80.0,81.0,149.0,0.7391,0.1371,0.2593,False,42311.0,42066.0
2026-05-07,flow_turn,momentum_tail_trail,1778120933,42389.0,74.0,4.0,9.0,horizon,momentum_clean,-66.0,9.0,-60.0,80.0,81.0,149.0,0.7391,0.1371,0.2593,False,42311.0,42066.0
2026-05-14,flow_turn,sealed,1778724590,41791.0,52.36,-5.0,0.0,breakeven,momentum_clean,39.0,-58.0,-164.0,576.0,80.0,249.0,0.6599,0.1959,0.3401,False,42187.0,41761.0
2026-05-14,flow_turn,wash_struct,1778724590,41791.0,52.36,34.0,39.0,horizon,momentum_clean,39.0,-58.0,-164.0,576.0,80.0,249.0,0.6599,0.1959,0.3401,False,42187.0,41761.0
2026-05-14,flow_turn,drive_low_struct,1778724590,41791.0,52.36,-37.0,-32.0,stop_loss,momentum_clean,39.0,-58.0,-164.0,576.0,80.0,249.0,0.6599,0.1959,0.3401,False,42187.0,41761.0
2026-05-14,flow_turn,momentum_tail,1778724590,41791.0,52.36,-63.0,-58.0,horizon,momentum_clean,39.0,-58.0,-164.0,576.0,80.0,249.0,0.6599,0.1959,0.3401,False,42187.0,41761.0
2026-05-14,flow_turn,momentum_tail_trail,1778724590,41791.0,52.36,-63.0,-58.0,horizon,momentum_clean,39.0,-58.0,-164.0,576.0,80.0,249.0,0.6599,0.1959,0.3401,False,42187.0,41761.0
2026-05-21,p0,sealed,1779328800,41481.0,53.07,-5.0,0.0,breakeven,momentum_clean,1.0,-7.0,28.0,120.0,64.0,101.0,0.7835,0.0013,0.1267,False,41480.0,41289.0
2026-05-21,p0,wash_struct,1779328800,41481.0,53.07,-4.0,1.0,horizon,momentum_clean,1.0,-7.0,28.0,120.0,64.0,101.0,0.7835,0.0013,0.1267,False,41480.0,41289.0
2026-05-21,p0,drive_low_struct,1779328800,41481.0,53.07,-4.0,1.0,horizon,momentum_clean,1.0,-7.0,28.0,120.0,64.0,101.0,0.7835,0.0013,0.1267,False,41480.0,41289.0
2026-05-21,p0,momentum_tail,1779328800,41481.0,53.07,-12.0,-7.0,horizon,momentum_clean,1.0,-7.0,28.0,120.0,64.0,101.0,0.7835,0.0013,0.1267,False,41480.0,41289.0
2026-05-21,p0,momentum_tail_trail,1779328800,41481.0,53.07,-12.0,-7.0,horizon,momentum_clean,1.0,-7.0,28.0,120.0,64.0,101.0,0.7835,0.0013,0.1267,False,41480.0,41289.0
2026-05-21,flow_turn,sealed,1779329434,41495.0,53.07,18.0,23.0,horizon,momentum_clean,23.0,-60.0,52.0,120.0,64.0,115.0,0.5851,0.129,0.4021,False,41480.0,41289.0
2026-05-21,flow_turn,wash_struct,1779329434,41495.0,53.07,18.0,23.0,horizon,momentum_clean,23.0,-60.0,52.0,120.0,64.0,115.0,0.5851,0.129,0.4021,False,41480.0,41289.0
2026-05-21,flow_turn,drive_low_struct,1779329434,41495.0,53.07,18.0,23.0,horizon,momentum_clean,23.0,-60.0,52.0,120.0,64.0,115.0,0.5851,0.129,0.4021,False,41480.0,41289.0
2026-05-21,flow_turn,momentum_tail,1779329434,41495.0,53.07,-65.0,-60.0,horizon,momentum_clean,23.0,-60.0,52.0,120.0,64.0,115.0,0.5851,0.129,0.4021,False,41480.0,41289.0
2026-05-21,flow_turn,momentum_tail_trail,1779329434,41495.0,53.07,-65.0,-60.0,horizon,momentum_clean,23.0,-60.0,52.0,120.0,64.0,115.0,0.5851,0.129,0.4021,False,41480.0,41289.0
2026-05-21,reclaim_br,sealed,1779329434,41495.0,53.07,18.0,23.0,horizon,momentum_clean,23.0,-60.0,52.0,120.0,64.0,115.0,0.5851,0.129,0.4021,False,41480.0,41289.0
2026-05-21,reclaim_br,wash_struct,1779329434,41495.0,53.07,18.0,23.0,horizon,momentum_clean,23.0,-60.0,52.0,120.0,64.0,115.0,0.5851,0.129,0.4021,False,41480.0,41289.0
2026-05-21,reclaim_br,drive_low_struct,1779329434,41495.0,53.07,18.0,23.0,horizon,momentum_clean,23.0,-60.0,52.0,120.0,64.0,115.0,0.5851,0.129,0.4021,False,41480.0,41289.0
2026-05-21,reclaim_br,momentum_tail,1779329434,41495.0,53.07,-65.0,-60.0,horizon,momentum_clean,23.0,-60.0,52.0,120.0,64.0,115.0,0.5851,0.129,0.4021,False,41480.0,41289.0
2026-05-21,reclaim_br,momentum_tail_trail,1779329434,41495.0,53.07,-65.0,-60.0,horizon,momentum_clean,23.0,-60.0,52.0,120.0,64.0,115.0,0.5851,0.129,0.4021,False,41480.0,41289.0
2026-05-25,p0,sealed,1779673516,44009.0,71.21,-94.02,-89.02,stop_loss,momentum_clean,-39.0,-88.0,-171.0,50.0,41.0,299.0,0.8456,0.0002,0.1678,False,44008.0,43675.0
2026-05-25,p0,wash_struct,1779673516,44009.0,71.21,-44.0,-39.0,horizon,momentum_clean,-39.0,-88.0,-171.0,50.0,41.0,299.0,0.8456,0.0002,0.1678,False,44008.0,43675.0
2026-05-25,p0,drive_low_struct,1779673516,44009.0,71.21,-44.0,-39.0,horizon,momentum_clean,-39.0,-88.0,-171.0,50.0,41.0,299.0,0.8456,0.0002,0.1678,False,44008.0,43675.0
2026-05-25,p0,momentum_tail,1779673516,44009.0,71.21,-93.0,-88.0,horizon,momentum_clean,-39.0,-88.0,-171.0,50.0,41.0,299.0,0.8456,0.0002,0.1678,False,44008.0,43675.0
2026-05-25,p0,momentum_tail_trail,1779673516,44009.0,71.21,-93.0,-88.0,horizon,momentum_clean,-39.0,-88.0,-171.0,50.0,41.0,299.0,0.8456,0.0002,0.1678,False,44008.0,43675.0
2026-05-25,flow_turn,sealed,1779673601,43954.0,71.21,22.0,27.0,horizon,momentum_clean,27.0,-126.0,-139.0,66.0,96.0,244.0,0.5762,0.1271,0.4118,False,44008.0,43675.0
2026-05-25,flow_turn,wash_struct,1779673601,43954.0,71.21,22.0,27.0,horizon,momentum_clean,27.0,-126.0,-139.0,66.0,96.0,244.0,0.5762,0.1271,0.4118,False,44008.0,43675.0
2026-05-25,flow_turn,drive_low_struct,1779673601,43954.0,71.21,22.0,27.0,horizon,momentum_clean,27.0,-126.0,-139.0,66.0,96.0,244.0,0.5762,0.1271,0.4118,False,44008.0,43675.0
2026-05-25,flow_turn,momentum_tail,1779673601,43954.0,71.21,-131.0,-126.0,horizon,momentum_clean,27.0,-126.0,-139.0,66.0,96.0,244.0,0.5762,0.1271,0.4118,False,44008.0,43675.0
2026-05-25,flow_turn,momentum_tail_trail,1779673601,43954.0,71.21,-131.0,-126.0,horizon,momentum_clean,27.0,-126.0,-139.0,66.0,96.0,244.0,0.5762,0.1271,0.4118,False,44008.0,43675.0
2026-05-25,reclaim_br,sealed,1779674934,44022.0,71.21,-94.02,-89.02,stop_loss,wash_real,-142.0,-200.0,-206.0,105.0,28.0,312.0,0.6729,0.1532,0.3285,False,44008.0,43675.0
2026-05-25,reclaim_br,wash_struct,1779674934,44022.0,71.21,-147.0,-142.0,horizon,wash_real,-142.0,-200.0,-206.0,105.0,28.0,312.0,0.6729,0.1532,0.3285,False,44008.0,43675.0
2026-05-25,reclaim_br,drive_low_struct,1779674934,44022.0,71.21,-147.0,-142.0,horizon,wash_real,-142.0,-200.0,-206.0,105.0,28.0,312.0,0.6729,0.1532,0.3285,False,44008.0,43675.0
2026-05-25,reclaim_br,momentum_tail,1779674934,44022.0,71.21,-205.0,-200.0,horizon,wash_real,-142.0,-200.0,-206.0,105.0,28.0,312.0,0.6729,0.1532,0.3285,False,44008.0,43675.0
2026-05-25,reclaim_br,momentum_tail_trail,1779674934,44022.0,71.21,-205.0,-200.0,horizon,wash_real,-142.0,-200.0,-206.0,105.0,28.0,312.0,0.6729,0.1532,0.3285,False,44008.0,43675.0
2026-05-27,flow_turn,sealed,1779848927,45000.0,67.07,94.0,99.0,horizon,momentum_clean,99.0,175.0,88.0,468.0,256.0,35.0,0.5532,0.1246,0.4359,False,45144.0,44666.0
2026-05-27,flow_turn,wash_struct,1779848927,45000.0,67.07,94.0,99.0,horizon,momentum_clean,99.0,175.0,88.0,468.0,256.0,35.0,0.5532,0.1246,0.4359,False,45144.0,44666.0
2026-05-27,flow_turn,drive_low_struct,1779848927,45000.0,67.07,94.0,99.0,horizon,momentum_clean,99.0,175.0,88.0,468.0,256.0,35.0,0.5532,0.1246,0.4359,False,45144.0,44666.0
2026-05-27,flow_turn,momentum_tail,1779848927,45000.0,67.07,196.21,201.21,take_profit,momentum_clean,99.0,175.0,88.0,468.0,256.0,35.0,0.5532,0.1246,0.4359,False,45144.0,44666.0
2026-05-27,flow_turn,momentum_tail_trail,1779848927,45000.0,67.07,176.76,181.76,trail_stop,momentum_clean,99.0,175.0,88.0,468.0,256.0,35.0,0.5532,0.1246,0.4359,False,45144.0,44666.0
2026-05-29,p0,sealed,1780019100,45099.0,84.21,-110.27,-105.27,stop_loss,momentum_clean,-26.0,67.0,-47.0,0.0,136.0,246.0,1.0,0.0,0.2678,False,45076.0,44730.0
2026-05-29,p0,wash_struct,1780019100,45099.0,84.21,-110.27,-105.27,stop_loss,momentum_clean,-26.0,67.0,-47.0,0.0,136.0,246.0,1.0,0.0,0.2678,False,45076.0,44730.0
2026-05-29,p0,drive_low_struct,1780019100,45099.0,84.21,-31.0,-26.0,horizon,momentum_clean,-26.0,67.0,-47.0,0.0,136.0,246.0,1.0,0.0,0.2678,False,45076.0,44730.0
2026-05-29,p0,momentum_tail,1780019100,45099.0,84.21,-110.27,-105.27,stop_loss,momentum_clean,-26.0,67.0,-47.0,0.0,136.0,246.0,1.0,0.0,0.2678,False,45076.0,44730.0
2026-05-29,p0,momentum_tail_trail,1780019100,45099.0,84.21,-110.27,-105.27,stop_loss,momentum_clean,-26.0,67.0,-47.0,0.0,136.0,246.0,1.0,0.0,0.2678,False,45076.0,44730.0
2026-05-29,p0_quality,sealed,1780019100,45099.0,84.21,-110.27,-105.27,stop_loss,momentum_clean,-26.0,67.0,-47.0,0.0,136.0,246.0,1.0,0.0,0.2678,False,45076.0,44730.0
2026-05-29,p0_quality,wash_struct,1780019100,45099.0,84.21,-110.27,-105.27,stop_loss,momentum_clean,-26.0,67.0,-47.0,0.0,136.0,246.0,1.0,0.0,0.2678,False,45076.0,44730.0
2026-05-29,p0_quality,drive_low_struct,1780019100,45099.0,84.21,-31.0,-26.0,horizon,momentum_clean,-26.0,67.0,-47.0,0.0,136.0,246.0,1.0,0.0,0.2678,False,45076.0,44730.0
2026-05-29,p0_quality,momentum_tail,1780019100,45099.0,84.21,-110.27,-105.27,stop_loss,momentum_clean,-26.0,67.0,-47.0,0.0,136.0,246.0,1.0,0.0,0.2678,False,45076.0,44730.0
2026-05-29,p0_quality,momentum_tail_trail,1780019100,45099.0,84.21,-110.27,-105.27,stop_loss,momentum_clean,-26.0,67.0,-47.0,0.0,136.0,246.0,1.0,0.0,0.2678,False,45076.0,44730.0
2026-05-29,reclaim_br,sealed,1780020806,45107.0,84.21,-5.0,0.0,breakeven,momentum_clean,-49.0,-17.0,37.0,223.0,128.0,99.0,0.4758,0.1655,0.5299,False,45076.0,44730.0
2026-05-29,reclaim_br,wash_struct,1780020806,45107.0,84.21,-54.0,-49.0,horizon,momentum_clean,-49.0,-17.0,37.0,223.0,128.0,99.0,0.4758,0.1655,0.5299,False,45076.0,44730.0
2026-05-29,reclaim_br,drive_low_struct,1780020806,45107.0,84.21,-54.0,-49.0,horizon,momentum_clean,-49.0,-17.0,37.0,223.0,128.0,99.0,0.4758,0.1655,0.5299,False,45076.0,44730.0
2026-05-29,reclaim_br,momentum_tail,1780020806,45107.0,84.21,-22.0,-17.0,horizon,momentum_clean,-49.0,-17.0,37.0,223.0,128.0,99.0,0.4758,0.1655,0.5299,False,45076.0,44730.0
2026-05-29,reclaim_br,momentum_tail_trail,1780020806,45107.0,84.21,-22.0,-17.0,horizon,momentum_clean,-49.0,-17.0,37.0,223.0,128.0,99.0,0.4758,0.1655,0.5299,False,45076.0,44730.0
