entry_price,min_points,stop_buffer,take_profit,require_external,max_hold_bars,fill_mode,slippage_ticks,split,n_trades,expected_nt,expected_r,total_pnl_nt,mdd_nt,win_rate,profit_factor,max_margin_nt
top,15.0,3.0,2R,False,12,conservative,1,is,8,-151.64985,-1.9104754958333332,-1213.1988,1213.1988,0.125,0.009229883720778296,35050.0
top,15.0,3.0,2R,False,12,optimistic,1,is,8,-151.64985,-1.9104754958333332,-1213.1988,1213.1988,0.125,0.009229883720778296,35050.0
top,15.0,3.0,2R,False,24,conservative,1,is,8,-151.64985,-1.9104754958333332,-1213.1988,1213.1988,0.125,0.009229883720778296,35050.0
top,15.0,3.0,2R,False,24,optimistic,1,is,8,-151.64985,-1.9104754958333332,-1213.1988,1213.1988,0.125,0.009229883720778296,35050.0
top,15.0,3.0,2R,False,10000,conservative,1,is,8,-151.64985,-1.9104754958333332,-1213.1988,1213.1988,0.125,0.009229883720778296,35050.0
top,15.0,3.0,2R,False,10000,optimistic,1,is,8,-151.64985,-1.9104754958333332,-1213.1988,1213.1988,0.125,0.009229883720778296,35050.0
top,15.0,3.0,2R,True,12,conservative,1,is,0,,,0.0,0.0,0.0,inf,0.0
top,15.0,3.0,2R,True,12,optimistic,1,is,0,,,0.0,0.0,0.0,inf,0.0
top,15.0,3.0,2R,True,24,conservative,1,is,0,,,0.0,0.0,0.0,inf,0.0
top,15.0,3.0,2R,True,24,optimistic,1,is,0,,,0.0,0.0,0.0,inf,0.0
top,15.0,3.0,2R,True,10000,conservative,1,is,0,,,0.0,0.0,0.0,inf,0.0
top,15.0,3.0,2R,True,10000,optimistic,1,is,0,,,0.0,0.0,0.0,inf,0.0
top,15.0,3.0,opposite_liquidity,False,12,conservative,1,is,8,-164.15009999999998,-2.327150495833333,-1313.2007999999998,1654.5351999999998,0.0,0.0,35050.0
top,15.0,3.0,opposite_liquidity,False,12,optimistic,1,is,8,-164.15009999999998,-2.327150495833333,-1313.2007999999998,1654.5351999999998,0.0,0.0,35050.0
top,15.0,3.0,opposite_liquidity,False,24,conservative,1,is,8,-164.15009999999998,-2.327150495833333,-1313.2007999999998,1654.5351999999998,0.0,0.0,35050.0
top,15.0,3.0,opposite_liquidity,False,24,optimistic,1,is,8,-164.15009999999998,-2.327150495833333,-1313.2007999999998,1654.5351999999998,0.0,0.0,35050.0
top,15.0,3.0,opposite_liquidity,False,10000,conservative,1,is,8,-164.15009999999998,-2.327150495833333,-1313.2007999999998,1654.5351999999998,0.0,0.0,35050.0
top,15.0,3.0,opposite_liquidity,False,10000,optimistic,1,is,8,-164.15009999999998,-2.327150495833333,-1313.2007999999998,1654.5351999999998,0.0,0.0,35050.0
top,15.0,3.0,opposite_liquidity,True,12,conservative,1,is,0,,,0.0,0.0,0.0,inf,0.0
top,15.0,3.0,opposite_liquidity,True,12,optimistic,1,is,0,,,0.0,0.0,0.0,inf,0.0
top,15.0,3.0,opposite_liquidity,True,24,conservative,1,is,0,,,0.0,0.0,0.0,inf,0.0
top,15.0,3.0,opposite_liquidity,True,24,optimistic,1,is,0,,,0.0,0.0,0.0,inf,0.0
top,15.0,3.0,opposite_liquidity,True,10000,conservative,1,is,0,,,0.0,0.0,0.0,inf,0.0
top,15.0,3.0,opposite_liquidity,True,10000,optimistic,1,is,0,,,0.0,0.0,0.0,inf,0.0
top,15.0,5.0,2R,False,12,conservative,1,is,8,-164.14980000000003,-1.4274374625744626,-1313.1984000000002,1313.1984000000002,0.125,0.03759820804847955,35050.0
top,15.0,5.0,2R,False,12,optimistic,1,is,8,-164.14980000000003,-1.4274374625744626,-1313.1984000000002,1313.1984000000002,0.125,0.03759820804847955,35050.0
top,15.0,5.0,2R,False,24,conservative,1,is,8,-164.14980000000003,-1.4274374625744626,-1313.1984000000002,1313.1984000000002,0.125,0.03759820804847955,35050.0
top,15.0,5.0,2R,False,24,optimistic,1,is,8,-164.14980000000003,-1.4274374625744626,-1313.1984000000002,1313.1984000000002,0.125,0.03759820804847955,35050.0
top,15.0,5.0,2R,False,10000,conservative,1,is,8,-164.14980000000003,-1.4274374625744626,-1313.1984000000002,1313.1984000000002,0.125,0.03759820804847955,35050.0
top,15.0,5.0,2R,False,10000,optimistic,1,is,8,-164.14980000000003,-1.4274374625744626,-1313.1984000000002,1313.1984000000002,0.125,0.03759820804847955,35050.0
top,15.0,5.0,2R,True,12,conservative,1,is,0,,,0.0,0.0,0.0,inf,0.0
top,15.0,5.0,2R,True,12,optimistic,1,is,0,,,0.0,0.0,0.0,inf,0.0
top,15.0,5.0,2R,True,24,conservative,1,is,0,,,0.0,0.0,0.0,inf,0.0
top,15.0,5.0,2R,True,24,optimistic,1,is,0,,,0.0,0.0,0.0,inf,0.0
top,15.0,5.0,2R,True,10000,conservative,1,is,0,,,0.0,0.0,0.0,inf,0.0
top,15.0,5.0,2R,True,10000,optimistic,1,is,0,,,0.0,0.0,0.0,inf,0.0
top,15.0,5.0,opposite_liquidity,False,12,conservative,1,is,8,-184.15019999999998,-1.8274454625744625,-1473.2015999999999,1794.5356,0.0,0.0,35050.0
top,15.0,5.0,opposite_liquidity,False,12,optimistic,1,is,8,-184.15019999999998,-1.8274454625744625,-1473.2015999999999,1794.5356,0.0,0.0,35050.0
top,15.0,5.0,opposite_liquidity,False,24,conservative,1,is,8,-184.15019999999998,-1.8274454625744625,-1473.2015999999999,1794.5356,0.0,0.0,35050.0
top,15.0,5.0,opposite_liquidity,False,24,optimistic,1,is,8,-184.15019999999998,-1.8274454625744625,-1473.2015999999999,1794.5356,0.0,0.0,35050.0
top,15.0,5.0,opposite_liquidity,False,10000,conservative,1,is,8,-184.15019999999998,-1.8274454625744625,-1473.2015999999999,1794.5356,0.0,0.0,35050.0
top,15.0,5.0,opposite_liquidity,False,10000,optimistic,1,is,8,-184.15019999999998,-1.8274454625744625,-1473.2015999999999,1794.5356,0.0,0.0,35050.0
top,15.0,5.0,opposite_liquidity,True,12,conservative,1,is,0,,,0.0,0.0,0.0,inf,0.0
top,15.0,5.0,opposite_liquidity,True,12,optimistic,1,is,0,,,0.0,0.0,0.0,inf,0.0
top,15.0,5.0,opposite_liquidity,True,24,conservative,1,is,0,,,0.0,0.0,0.0,inf,0.0
top,15.0,5.0,opposite_liquidity,True,24,optimistic,1,is,0,,,0.0,0.0,0.0,inf,0.0
top,15.0,5.0,opposite_liquidity,True,10000,conservative,1,is,0,,,0.0,0.0,0.0,inf,0.0
top,15.0,5.0,opposite_liquidity,True,10000,optimistic,1,is,0,,,0.0,0.0,0.0,inf,0.0
top,15.0,8.0,2R,False,12,conservative,1,is,8,-182.899725,-1.1504466390804597,-1463.1978,1463.1978,0.125,0.07069156732624884,35050.0
top,15.0,8.0,2R,False,12,optimistic,1,is,8,-182.899725,-1.1504466390804597,-1463.1978,1463.1978,0.125,0.07069156732624884,35050.0
top,15.0,8.0,2R,False,24,conservative,1,is,8,-182.899725,-1.1504466390804597,-1463.1978,1463.1978,0.125,0.07069156732624884,35050.0
top,15.0,8.0,2R,False,24,optimistic,1,is,8,-182.899725,-1.1504466390804597,-1463.1978,1463.1978,0.125,0.07069156732624884,35050.0
top,15.0,8.0,2R,False,10000,conservative,1,is,8,-182.899725,-1.1504466390804597,-1463.1978,1463.1978,0.125,0.07069156732624884,35050.0
top,15.0,8.0,2R,False,10000,optimistic,1,is,8,-182.899725,-1.1504466390804597,-1463.1978,1463.1978,0.125,0.07069156732624884,35050.0
top,15.0,8.0,2R,True,12,conservative,1,is,0,,,0.0,0.0,0.0,inf,0.0
top,15.0,8.0,2R,True,12,optimistic,1,is,0,,,0.0,0.0,0.0,inf,0.0
top,15.0,8.0,2R,True,24,conservative,1,is,0,,,0.0,0.0,0.0,inf,0.0
top,15.0,8.0,2R,True,24,optimistic,1,is,0,,,0.0,0.0,0.0,inf,0.0
top,15.0,8.0,2R,True,10000,conservative,1,is,0,,,0.0,0.0,0.0,inf,0.0
top,15.0,8.0,2R,True,10000,optimistic,1,is,0,,,0.0,0.0,0.0,inf,0.0
top,15.0,8.0,opposite_liquidity,False,12,conservative,1,is,8,-214.15035,-1.5410794515804598,-1713.2028,2004.5362,0.0,0.0,35050.0
top,15.0,8.0,opposite_liquidity,False,12,optimistic,1,is,8,-214.15035,-1.5410794515804598,-1713.2028,2004.5362,0.0,0.0,35050.0
top,15.0,8.0,opposite_liquidity,False,24,conservative,1,is,8,-214.15035,-1.5410794515804598,-1713.2028,2004.5362,0.0,0.0,35050.0
top,15.0,8.0,opposite_liquidity,False,24,optimistic,1,is,8,-214.15035,-1.5410794515804598,-1713.2028,2004.5362,0.0,0.0,35050.0
top,15.0,8.0,opposite_liquidity,False,10000,conservative,1,is,8,-214.15035,-1.5410794515804598,-1713.2028,2004.5362,0.0,0.0,35050.0
top,15.0,8.0,opposite_liquidity,False,10000,optimistic,1,is,8,-214.15035,-1.5410794515804598,-1713.2028,2004.5362,0.0,0.0,35050.0
top,15.0,8.0,opposite_liquidity,True,12,conservative,1,is,0,,,0.0,0.0,0.0,inf,0.0
top,15.0,8.0,opposite_liquidity,True,12,optimistic,1,is,0,,,0.0,0.0,0.0,inf,0.0
top,15.0,8.0,opposite_liquidity,True,24,conservative,1,is,0,,,0.0,0.0,0.0,inf,0.0
top,15.0,8.0,opposite_liquidity,True,24,optimistic,1,is,0,,,0.0,0.0,0.0,inf,0.0
top,15.0,8.0,opposite_liquidity,True,10000,conservative,1,is,0,,,0.0,0.0,0.0,inf,0.0
top,15.0,8.0,opposite_liquidity,True,10000,optimistic,1,is,0,,,0.0,0.0,0.0,inf,0.0
top,20.0,3.0,2R,False,12,conservative,1,is,5,-155.18651999999997,-1.6134821933333334,-775.9325999999999,808.5689999999998,0.2,0.014356584428580756,35050.0
top,20.0,3.0,2R,False,12,optimistic,1,is,5,-155.18651999999997,-1.6134821933333334,-775.9325999999999,808.5689999999998,0.2,0.014356584428580756,35050.0
top,20.0,3.0,2R,False,24,conservative,1,is,5,-155.18651999999997,-1.6134821933333334,-775.9325999999999,808.5689999999998,0.2,0.014356584428580756,35050.0
top,20.0,3.0,2R,False,24,optimistic,1,is,5,-155.18651999999997,-1.6134821933333334,-775.9325999999999,808.5689999999998,0.2,0.014356584428580756,35050.0
top,20.0,3.0,2R,False,10000,conservative,1,is,5,-155.18651999999997,-1.6134821933333334,-775.9325999999999,808.5689999999998,0.2,0.014356584428580756,35050.0
top,20.0,3.0,2R,False,10000,optimistic,1,is,5,-155.18651999999997,-1.6134821933333334,-775.9325999999999,808.5689999999998,0.2,0.014356584428580756,35050.0
top,20.0,3.0,2R,True,12,conservative,1,is,0,,,0.0,0.0,0.0,inf,0.0
top,20.0,3.0,2R,True,12,optimistic,1,is,0,,,0.0,0.0,0.0,inf,0.0
top,20.0,3.0,2R,True,24,conservative,1,is,0,,,0.0,0.0,0.0,inf,0.0
top,20.0,3.0,2R,True,24,optimistic,1,is,0,,,0.0,0.0,0.0,inf,0.0
top,20.0,3.0,2R,True,10000,conservative,1,is,0,,,0.0,0.0,0.0,inf,0.0
top,20.0,3.0,2R,True,10000,optimistic,1,is,0,,,0.0,0.0,0.0,inf,0.0
top,20.0,3.0,opposite_liquidity,False,12,conservative,1,is,5,-175.18692000000001,-2.280162193333333,-875.9346,1217.269,0.0,0.0,35050.0
top,20.0,3.0,opposite_liquidity,False,12,optimistic,1,is,5,-175.18692000000001,-2.280162193333333,-875.9346,1217.269,0.0,0.0,35050.0
top,20.0,3.0,opposite_liquidity,False,24,conservative,1,is,5,-175.18692000000001,-2.280162193333333,-875.9346,1217.269,0.0,0.0,35050.0
top,20.0,3.0,opposite_liquidity,False,24,optimistic,1,is,5,-175.18692000000001,-2.280162193333333,-875.9346,1217.269,0.0,0.0,35050.0
top,20.0,3.0,opposite_liquidity,False,10000,conservative,1,is,5,-175.18692000000001,-2.280162193333333,-875.9346,1217.269,0.0,0.0,35050.0
top,20.0,3.0,opposite_liquidity,False,10000,optimistic,1,is,5,-175.18692000000001,-2.280162193333333,-875.9346,1217.269,0.0,0.0,35050.0
top,20.0,3.0,opposite_liquidity,True,12,conservative,1,is,0,,,0.0,0.0,0.0,inf,0.0
top,20.0,3.0,opposite_liquidity,True,12,optimistic,1,is,0,,,0.0,0.0,0.0,inf,0.0
top,20.0,3.0,opposite_liquidity,True,24,conservative,1,is,0,,,0.0,0.0,0.0,inf,0.0
top,20.0,3.0,opposite_liquidity,True,24,optimistic,1,is,0,,,0.0,0.0,0.0,inf,0.0
top,20.0,3.0,opposite_liquidity,True,10000,conservative,1,is,0,,,0.0,0.0,0.0,inf,0.0
top,20.0,3.0,opposite_liquidity,True,10000,optimistic,1,is,0,,,0.0,0.0,0.0,inf,0.0
top,20.0,5.0,2R,False,12,conservative,1,is,5,-163.18635999999998,-1.159466521937322,-815.9318,868.5686,0.2,0.059156772573419,35050.0
top,20.0,5.0,2R,False,12,optimistic,1,is,5,-163.18635999999998,-1.159466521937322,-815.9318,868.5686,0.2,0.059156772573419,35050.0
top,20.0,5.0,2R,False,24,conservative,1,is,5,-163.18635999999998,-1.159466521937322,-815.9318,868.5686,0.2,0.059156772573419,35050.0
top,20.0,5.0,2R,False,24,optimistic,1,is,5,-163.18635999999998,-1.159466521937322,-815.9318,868.5686,0.2,0.059156772573419,35050.0
top,20.0,5.0,2R,False,10000,conservative,1,is,5,-163.18635999999998,-1.159466521937322,-815.9318,868.5686,0.2,0.059156772573419,35050.0
top,20.0,5.0,2R,False,10000,optimistic,1,is,5,-163.18635999999998,-1.159466521937322,-815.9318,868.5686,0.2,0.059156772573419,35050.0
top,20.0,5.0,2R,True,12,conservative,1,is,0,,,0.0,0.0,0.0,inf,0.0
top,20.0,5.0,2R,True,12,optimistic,1,is,0,,,0.0,0.0,0.0,inf,0.0
top,20.0,5.0,2R,True,24,conservative,1,is,0,,,0.0,0.0,0.0,inf,0.0
top,20.0,5.0,2R,True,24,optimistic,1,is,0,,,0.0,0.0,0.0,inf,0.0
top,20.0,5.0,2R,True,10000,conservative,1,is,0,,,0.0,0.0,0.0,inf,0.0
top,20.0,5.0,2R,True,10000,optimistic,1,is,0,,,0.0,0.0,0.0,inf,0.0
top,20.0,5.0,opposite_liquidity,False,12,conservative,1,is,5,-195.187,-1.7994793219373222,-975.9350000000001,1297.269,0.0,0.0,35050.0
top,20.0,5.0,opposite_liquidity,False,12,optimistic,1,is,5,-195.187,-1.7994793219373222,-975.9350000000001,1297.269,0.0,0.0,35050.0
top,20.0,5.0,opposite_liquidity,False,24,conservative,1,is,5,-195.187,-1.7994793219373222,-975.9350000000001,1297.269,0.0,0.0,35050.0
top,20.0,5.0,opposite_liquidity,False,24,optimistic,1,is,5,-195.187,-1.7994793219373222,-975.9350000000001,1297.269,0.0,0.0,35050.0
top,20.0,5.0,opposite_liquidity,False,10000,conservative,1,is,5,-195.187,-1.7994793219373222,-975.9350000000001,1297.269,0.0,0.0,35050.0
top,20.0,5.0,opposite_liquidity,False,10000,optimistic,1,is,5,-195.187,-1.7994793219373222,-975.9350000000001,1297.269,0.0,0.0,35050.0
top,20.0,5.0,opposite_liquidity,True,12,conservative,1,is,0,,,0.0,0.0,0.0,inf,0.0
top,20.0,5.0,opposite_liquidity,True,12,optimistic,1,is,0,,,0.0,0.0,0.0,inf,0.0
top,20.0,5.0,opposite_liquidity,True,24,conservative,1,is,0,,,0.0,0.0,0.0,inf,0.0
top,20.0,5.0,opposite_liquidity,True,24,optimistic,1,is,0,,,0.0,0.0,0.0,inf,0.0
top,20.0,5.0,opposite_liquidity,True,10000,conservative,1,is,0,,,0.0,0.0,0.0,inf,0.0
top,20.0,5.0,opposite_liquidity,True,10000,optimistic,1,is,0,,,0.0,0.0,0.0,inf,0.0
top,20.0,8.0,2R,False,12,conservative,1,is,5,-175.18612,-0.8990937425287356,-875.9305999999999,958.5679999999999,0.2,0.11274321220103105,35050.0
top,20.0,8.0,2R,False,12,optimistic,1,is,5,-175.18612,-0.8990937425287356,-875.9305999999999,958.5679999999999,0.2,0.11274321220103105,35050.0
top,20.0,8.0,2R,False,24,conservative,1,is,5,-175.18612,-0.8990937425287356,-875.9305999999999,958.5679999999999,0.2,0.11274321220103105,35050.0
top,20.0,8.0,2R,False,24,optimistic,1,is,5,-175.18612,-0.8990937425287356,-875.9305999999999,958.5679999999999,0.2,0.11274321220103105,35050.0
top,20.0,8.0,2R,False,10000,conservative,1,is,5,-175.18612,-0.8990937425287356,-875.9305999999999,958.5679999999999,0.2,0.11274321220103105,35050.0
top,20.0,8.0,2R,False,10000,optimistic,1,is,5,-175.18612,-0.8990937425287356,-875.9305999999999,958.5679999999999,0.2,0.11274321220103105,35050.0
top,20.0,8.0,2R,True,12,conservative,1,is,0,,,0.0,0.0,0.0,inf,0.0
top,20.0,8.0,2R,True,12,optimistic,1,is,0,,,0.0,0.0,0.0,inf,0.0
top,20.0,8.0,2R,True,24,conservative,1,is,0,,,0.0,0.0,0.0,inf,0.0
top,20.0,8.0,2R,True,24,optimistic,1,is,0,,,0.0,0.0,0.0,inf,0.0
top,20.0,8.0,2R,True,10000,conservative,1,is,0,,,0.0,0.0,0.0,inf,0.0
top,20.0,8.0,2R,True,10000,optimistic,1,is,0,,,0.0,0.0,0.0,inf,0.0
top,20.0,8.0,opposite_liquidity,False,12,conservative,1,is,5,-225.18712,-1.5241062425287357,-1125.9356,1417.269,0.0,0.0,35050.0
top,20.0,8.0,opposite_liquidity,False,12,optimistic,1,is,5,-225.18712,-1.5241062425287357,-1125.9356,1417.269,0.0,0.0,35050.0
top,20.0,8.0,opposite_liquidity,False,24,conservative,1,is,5,-225.18712,-1.5241062425287357,-1125.9356,1417.269,0.0,0.0,35050.0
top,20.0,8.0,opposite_liquidity,False,24,optimistic,1,is,5,-225.18712,-1.5241062425287357,-1125.9356,1417.269,0.0,0.0,35050.0
top,20.0,8.0,opposite_liquidity,False,10000,conservative,1,is,5,-225.18712,-1.5241062425287357,-1125.9356,1417.269,0.0,0.0,35050.0
top,20.0,8.0,opposite_liquidity,False,10000,optimistic,1,is,5,-225.18712,-1.5241062425287357,-1125.9356,1417.269,0.0,0.0,35050.0
top,20.0,8.0,opposite_liquidity,True,12,conservative,1,is,0,,,0.0,0.0,0.0,inf,0.0
top,20.0,8.0,opposite_liquidity,True,12,optimistic,1,is,0,,,0.0,0.0,0.0,inf,0.0
top,20.0,8.0,opposite_liquidity,True,24,conservative,1,is,0,,,0.0,0.0,0.0,inf,0.0
top,20.0,8.0,opposite_liquidity,True,24,optimistic,1,is,0,,,0.0,0.0,0.0,inf,0.0
top,20.0,8.0,opposite_liquidity,True,10000,conservative,1,is,0,,,0.0,0.0,0.0,inf,0.0
top,20.0,8.0,opposite_liquidity,True,10000,optimistic,1,is,0,,,0.0,0.0,0.0,inf,0.0
top,30.0,3.0,2R,False,12,conservative,1,is,2,-38.681799999999996,-1.2893933333333334,-77.36359999999999,88.6656,0.5,0.12746769885953516,35050.0
top,30.0,3.0,2R,False,12,optimistic,1,is,2,-38.681799999999996,-1.2893933333333334,-77.36359999999999,88.6656,0.5,0.12746769885953516,35050.0
top,30.0,3.0,2R,False,24,conservative,1,is,2,-38.681799999999996,-1.2893933333333334,-77.36359999999999,88.6656,0.5,0.12746769885953516,35050.0
top,30.0,3.0,2R,False,24,optimistic,1,is,2,-38.681799999999996,-1.2893933333333334,-77.36359999999999,88.6656,0.5,0.12746769885953516,35050.0
top,30.0,3.0,2R,False,10000,conservative,1,is,2,-38.681799999999996,-1.2893933333333334,-77.36359999999999,88.6656,0.5,0.12746769885953516,35050.0
top,30.0,3.0,2R,False,10000,optimistic,1,is,2,-38.681799999999996,-1.2893933333333334,-77.36359999999999,88.6656,0.5,0.12746769885953516,35050.0
top,30.0,3.0,2R,True,12,conservative,1,is,0,,,0.0,0.0,0.0,inf,0.0
top,30.0,3.0,2R,True,12,optimistic,1,is,0,,,0.0,0.0,0.0,inf,0.0
top,30.0,3.0,2R,True,24,conservative,1,is,0,,,0.0,0.0,0.0,inf,0.0
top,30.0,3.0,2R,True,24,optimistic,1,is,0,,,0.0,0.0,0.0,inf,0.0
top,30.0,3.0,2R,True,10000,conservative,1,is,0,,,0.0,0.0,0.0,inf,0.0
top,30.0,3.0,2R,True,10000,optimistic,1,is,0,,,0.0,0.0,0.0,inf,0.0
top,30.0,3.0,opposite_liquidity,False,12,conservative,1,is,2,-88.6828,-2.9560933333333335,-177.3656,518.7,0.0,0.0,35050.0
top,30.0,3.0,opposite_liquidity,False,12,optimistic,1,is,2,-88.6828,-2.9560933333333335,-177.3656,518.7,0.0,0.0,35050.0
top,30.0,3.0,opposite_liquidity,False,24,conservative,1,is,2,-88.6828,-2.9560933333333335,-177.3656,518.7,0.0,0.0,35050.0
top,30.0,3.0,opposite_liquidity,False,24,optimistic,1,is,2,-88.6828,-2.9560933333333335,-177.3656,518.7,0.0,0.0,35050.0
top,30.0,3.0,opposite_liquidity,False,10000,conservative,1,is,2,-88.6828,-2.9560933333333335,-177.3656,518.7,0.0,0.0,35050.0
top,30.0,3.0,opposite_liquidity,False,10000,optimistic,1,is,2,-88.6828,-2.9560933333333335,-177.3656,518.7,0.0,0.0,35050.0
top,30.0,3.0,opposite_liquidity,True,12,conservative,1,is,0,,,0.0,0.0,0.0,inf,0.0
top,30.0,3.0,opposite_liquidity,True,12,optimistic,1,is,0,,,0.0,0.0,0.0,inf,0.0
top,30.0,3.0,opposite_liquidity,True,24,conservative,1,is,0,,,0.0,0.0,0.0,inf,0.0
top,30.0,3.0,opposite_liquidity,True,24,optimistic,1,is,0,,,0.0,0.0,0.0,inf,0.0
top,30.0,3.0,opposite_liquidity,True,10000,conservative,1,is,0,,,0.0,0.0,0.0,inf,0.0
top,30.0,3.0,opposite_liquidity,True,10000,optimistic,1,is,0,,,0.0,0.0,0.0,inf,0.0
top,30.0,5.0,2R,False,12,conservative,1,is,2,-28.6816,-0.573632,-57.3632,108.666,0.5,0.47211455285001747,35050.0
top,30.0,5.0,2R,False,12,optimistic,1,is,2,-28.6816,-0.573632,-57.3632,108.666,0.5,0.47211455285001747,35050.0
top,30.0,5.0,2R,False,24,conservative,1,is,2,-28.6816,-0.573632,-57.3632,108.666,0.5,0.47211455285001747,35050.0
top,30.0,5.0,2R,False,24,optimistic,1,is,2,-28.6816,-0.573632,-57.3632,108.666,0.5,0.47211455285001747,35050.0
top,30.0,5.0,2R,False,10000,conservative,1,is,2,-28.6816,-0.573632,-57.3632,108.666,0.5,0.47211455285001747,35050.0
top,30.0,5.0,2R,False,10000,optimistic,1,is,2,-28.6816,-0.573632,-57.3632,108.666,0.5,0.47211455285001747,35050.0
top,30.0,5.0,2R,True,12,conservative,1,is,0,,,0.0,0.0,0.0,inf,0.0
top,30.0,5.0,2R,True,12,optimistic,1,is,0,,,0.0,0.0,0.0,inf,0.0
top,30.0,5.0,2R,True,24,conservative,1,is,0,,,0.0,0.0,0.0,inf,0.0
top,30.0,5.0,2R,True,24,optimistic,1,is,0,,,0.0,0.0,0.0,inf,0.0
top,30.0,5.0,2R,True,10000,conservative,1,is,0,,,0.0,0.0,0.0,inf,0.0
top,30.0,5.0,2R,True,10000,optimistic,1,is,0,,,0.0,0.0,0.0,inf,0.0
top,30.0,5.0,opposite_liquidity,False,12,conservative,1,is,2,-108.6832,-2.173664,-217.3664,538.7004,0.0,0.0,35050.0
top,30.0,5.0,opposite_liquidity,False,12,optimistic,1,is,2,-108.6832,-2.173664,-217.3664,538.7004,0.0,0.0,35050.0
top,30.0,5.0,opposite_liquidity,False,24,conservative,1,is,2,-108.6832,-2.173664,-217.3664,538.7004,0.0,0.0,35050.0
top,30.0,5.0,opposite_liquidity,False,24,optimistic,1,is,2,-108.6832,-2.173664,-217.3664,538.7004,0.0,0.0,35050.0
top,30.0,5.0,opposite_liquidity,False,10000,conservative,1,is,2,-108.6832,-2.173664,-217.3664,538.7004,0.0,0.0,35050.0
top,30.0,5.0,opposite_liquidity,False,10000,optimistic,1,is,2,-108.6832,-2.173664,-217.3664,538.7004,0.0,0.0,35050.0
top,30.0,5.0,opposite_liquidity,True,12,conservative,1,is,0,,,0.0,0.0,0.0,inf,0.0
top,30.0,5.0,opposite_liquidity,True,12,optimistic,1,is,0,,,0.0,0.0,0.0,inf,0.0
top,30.0,5.0,opposite_liquidity,True,24,conservative,1,is,0,,,0.0,0.0,0.0,inf,0.0
top,30.0,5.0,opposite_liquidity,True,24,optimistic,1,is,0,,,0.0,0.0,0.0,inf,0.0
top,30.0,5.0,opposite_liquidity,True,10000,conservative,1,is,0,,,0.0,0.0,0.0,inf,0.0
top,30.0,5.0,opposite_liquidity,True,10000,optimistic,1,is,0,,,0.0,0.0,0.0,inf,0.0
top,30.0,8.0,2R,False,12,conservative,1,is,2,-13.681300000000007,-0.1710162500000001,-27.362600000000015,138.66660000000002,0.5,0.8026734628237802,35050.0
top,30.0,8.0,2R,False,12,optimistic,1,is,2,-13.681300000000007,-0.1710162500000001,-27.362600000000015,138.66660000000002,0.5,0.8026734628237802,35050.0
top,30.0,8.0,2R,False,24,conservative,1,is,2,-13.681300000000007,-0.1710162500000001,-27.362600000000015,138.66660000000002,0.5,0.8026734628237802,35050.0
top,30.0,8.0,2R,False,24,optimistic,1,is,2,-13.681300000000007,-0.1710162500000001,-27.362600000000015,138.66660000000002,0.5,0.8026734628237802,35050.0
top,30.0,8.0,2R,False,10000,conservative,1,is,2,-13.681300000000007,-0.1710162500000001,-27.362600000000015,138.66660000000002,0.5,0.8026734628237802,35050.0
top,30.0,8.0,2R,False,10000,optimistic,1,is,2,-13.681300000000007,-0.1710162500000001,-27.362600000000015,138.66660000000002,0.5,0.8026734628237802,35050.0
top,30.0,8.0,2R,True,12,conservative,1,is,0,,,0.0,0.0,0.0,inf,0.0
top,30.0,8.0,2R,True,12,optimistic,1,is,0,,,0.0,0.0,0.0,inf,0.0
top,30.0,8.0,2R,True,24,conservative,1,is,0,,,0.0,0.0,0.0,inf,0.0
top,30.0,8.0,2R,True,24,optimistic,1,is,0,,,0.0,0.0,0.0,inf,0.0
top,30.0,8.0,2R,True,10000,conservative,1,is,0,,,0.0,0.0,0.0,inf,0.0
top,30.0,8.0,2R,True,10000,optimistic,1,is,0,,,0.0,0.0,0.0,inf,0.0
top,30.0,8.0,opposite_liquidity,False,12,conservative,1,is,2,-138.68380000000002,-1.7335475,-277.36760000000004,568.701,0.0,0.0,35050.0
top,30.0,8.0,opposite_liquidity,False,12,optimistic,1,is,2,-138.68380000000002,-1.7335475,-277.36760000000004,568.701,0.0,0.0,35050.0
top,30.0,8.0,opposite_liquidity,False,24,conservative,1,is,2,-138.68380000000002,-1.7335475,-277.36760000000004,568.701,0.0,0.0,35050.0
top,30.0,8.0,opposite_liquidity,False,24,optimistic,1,is,2,-138.68380000000002,-1.7335475,-277.36760000000004,568.701,0.0,0.0,35050.0
top,30.0,8.0,opposite_liquidity,False,10000,conservative,1,is,2,-138.68380000000002,-1.7335475,-277.36760000000004,568.701,0.0,0.0,35050.0
top,30.0,8.0,opposite_liquidity,False,10000,optimistic,1,is,2,-138.68380000000002,-1.7335475,-277.36760000000004,568.701,0.0,0.0,35050.0
top,30.0,8.0,opposite_liquidity,True,12,conservative,1,is,0,,,0.0,0.0,0.0,inf,0.0
top,30.0,8.0,opposite_liquidity,True,12,optimistic,1,is,0,,,0.0,0.0,0.0,inf,0.0
top,30.0,8.0,opposite_liquidity,True,24,conservative,1,is,0,,,0.0,0.0,0.0,inf,0.0
top,30.0,8.0,opposite_liquidity,True,24,optimistic,1,is,0,,,0.0,0.0,0.0,inf,0.0
top,30.0,8.0,opposite_liquidity,True,10000,conservative,1,is,0,,,0.0,0.0,0.0,inf,0.0
top,30.0,8.0,opposite_liquidity,True,10000,optimistic,1,is,0,,,0.0,0.0,0.0,inf,0.0
ce,15.0,3.0,2R,False,12,conservative,1,is,8,-155.52462500000001,-1.0164990311522717,-1244.1970000000001,1293.9056,0.125,0.1782359201725801,35050.0
ce,15.0,3.0,2R,False,12,optimistic,1,is,8,-155.52462500000001,-1.0164990311522717,-1244.1970000000001,1293.9056,0.125,0.1782359201725801,35050.0
ce,15.0,3.0,2R,False,24,conservative,1,is,8,-155.52462500000001,-1.0164990311522717,-1244.1970000000001,1293.9056,0.125,0.1782359201725801,35050.0
ce,15.0,3.0,2R,False,24,optimistic,1,is,8,-155.52462500000001,-1.0164990311522717,-1244.1970000000001,1293.9056,0.125,0.1782359201725801,35050.0
ce,15.0,3.0,2R,False,10000,conservative,1,is,8,-155.52462500000001,-1.0164990311522717,-1244.1970000000001,1293.9056,0.125,0.1782359201725801,35050.0
ce,15.0,3.0,2R,False,10000,optimistic,1,is,8,-155.52462500000001,-1.0164990311522717,-1244.1970000000001,1293.9056,0.125,0.1782359201725801,35050.0
ce,15.0,3.0,2R,True,12,conservative,1,is,0,,,0.0,0.0,0.0,inf,0.0
ce,15.0,3.0,2R,True,12,optimistic,1,is,0,,,0.0,0.0,0.0,inf,0.0
ce,15.0,3.0,2R,True,24,conservative,1,is,0,,,0.0,0.0,0.0,inf,0.0
ce,15.0,3.0,2R,True,24,optimistic,1,is,0,,,0.0,0.0,0.0,inf,0.0
ce,15.0,3.0,2R,True,10000,conservative,1,is,0,,,0.0,0.0,0.0,inf,0.0
ce,15.0,3.0,2R,True,10000,optimistic,1,is,0,,,0.0,0.0,0.0,inf,0.0
ce,15.0,3.0,opposite_liquidity,False,12,conservative,1,is,8,-173.02497499999998,-1.1258762186522717,-1384.1997999999999,1384.1997999999999,0.125,0.08576722581367852,35050.0
ce,15.0,3.0,opposite_liquidity,False,12,optimistic,1,is,8,-173.02497499999998,-1.1258762186522717,-1384.1997999999999,1384.1997999999999,0.125,0.08576722581367852,35050.0
ce,15.0,3.0,opposite_liquidity,False,24,conservative,1,is,8,-173.02497499999998,-1.1258762186522717,-1384.1997999999999,1384.1997999999999,0.125,0.08576722581367852,35050.0
ce,15.0,3.0,opposite_liquidity,False,24,optimistic,1,is,8,-173.02497499999998,-1.1258762186522717,-1384.1997999999999,1384.1997999999999,0.125,0.08576722581367852,35050.0
ce,15.0,3.0,opposite_liquidity,False,10000,conservative,1,is,8,-173.02497499999998,-1.1258762186522717,-1384.1997999999999,1384.1997999999999,0.125,0.08576722581367852,35050.0
ce,15.0,3.0,opposite_liquidity,False,10000,optimistic,1,is,8,-173.02497499999998,-1.1258762186522717,-1384.1997999999999,1384.1997999999999,0.125,0.08576722581367852,35050.0
ce,15.0,3.0,opposite_liquidity,True,12,conservative,1,is,0,,,0.0,0.0,0.0,inf,0.0
ce,15.0,3.0,opposite_liquidity,True,12,optimistic,1,is,0,,,0.0,0.0,0.0,inf,0.0
ce,15.0,3.0,opposite_liquidity,True,24,conservative,1,is,0,,,0.0,0.0,0.0,inf,0.0
ce,15.0,3.0,opposite_liquidity,True,24,optimistic,1,is,0,,,0.0,0.0,0.0,inf,0.0
ce,15.0,3.0,opposite_liquidity,True,10000,conservative,1,is,0,,,0.0,0.0,0.0,inf,0.0
ce,15.0,3.0,opposite_liquidity,True,10000,optimistic,1,is,0,,,0.0,0.0,0.0,inf,0.0
ce,15.0,5.0,2R,False,12,conservative,1,is,8,-168.02467499999997,-0.9680023608738786,-1344.1973999999998,1413.9063999999998,0.125,0.18733328117875475,35050.0
ce,15.0,5.0,2R,False,12,optimistic,1,is,8,-168.02467499999997,-0.9680023608738786,-1344.1973999999998,1413.9063999999998,0.125,0.18733328117875475,35050.0
ce,15.0,5.0,2R,False,24,conservative,1,is,8,-168.02467499999997,-0.9680023608738786,-1344.1973999999998,1413.9063999999998,0.125,0.18733328117875475,35050.0
ce,15.0,5.0,2R,False,24,optimistic,1,is,8,-168.02467499999997,-0.9680023608738786,-1344.1973999999998,1413.9063999999998,0.125,0.18733328117875475,35050.0
ce,15.0,5.0,2R,False,10000,conservative,1,is,8,-168.02467499999997,-0.9680023608738786,-1344.1973999999998,1413.9063999999998,0.125,0.18733328117875475,35050.0
ce,15.0,5.0,2R,False,10000,optimistic,1,is,8,-168.02467499999997,-0.9680023608738786,-1344.1973999999998,1413.9063999999998,0.125,0.18733328117875475,35050.0
ce,15.0,5.0,2R,True,12,conservative,1,is,0,,,0.0,0.0,0.0,inf,0.0
ce,15.0,5.0,2R,True,12,optimistic,1,is,0,,,0.0,0.0,0.0,inf,0.0
ce,15.0,5.0,2R,True,24,conservative,1,is,0,,,0.0,0.0,0.0,inf,0.0
ce,15.0,5.0,2R,True,24,optimistic,1,is,0,,,0.0,0.0,0.0,inf,0.0
ce,15.0,5.0,2R,True,10000,conservative,1,is,0,,,0.0,0.0,0.0,inf,0.0
ce,15.0,5.0,2R,True,10000,optimistic,1,is,0,,,0.0,0.0,0.0,inf,0.0
ce,15.0,5.0,opposite_liquidity,False,12,conservative,1,is,8,-190.52512499999997,-1.0930048608738785,-1524.2009999999998,1524.2009999999998,0.125,0.07850779543684519,35050.0
ce,15.0,5.0,opposite_liquidity,False,12,optimistic,1,is,8,-190.52512499999997,-1.0930048608738785,-1524.2009999999998,1524.2009999999998,0.125,0.07850779543684519,35050.0
ce,15.0,5.0,opposite_liquidity,False,24,conservative,1,is,8,-190.52512499999997,-1.0930048608738785,-1524.2009999999998,1524.2009999999998,0.125,0.07850779543684519,35050.0
ce,15.0,5.0,opposite_liquidity,False,24,optimistic,1,is,8,-190.52512499999997,-1.0930048608738785,-1524.2009999999998,1524.2009999999998,0.125,0.07850779543684519,35050.0
ce,15.0,5.0,opposite_liquidity,False,10000,conservative,1,is,8,-190.52512499999997,-1.0930048608738785,-1524.2009999999998,1524.2009999999998,0.125,0.07850779543684519,35050.0
ce,15.0,5.0,opposite_liquidity,False,10000,optimistic,1,is,8,-190.52512499999997,-1.0930048608738785,-1524.2009999999998,1524.2009999999998,0.125,0.07850779543684519,35050.0
ce,15.0,5.0,opposite_liquidity,True,12,conservative,1,is,0,,,0.0,0.0,0.0,inf,0.0
ce,15.0,5.0,opposite_liquidity,True,12,optimistic,1,is,0,,,0.0,0.0,0.0,inf,0.0
ce,15.0,5.0,opposite_liquidity,True,24,conservative,1,is,0,,,0.0,0.0,0.0,inf,0.0
ce,15.0,5.0,opposite_liquidity,True,24,optimistic,1,is,0,,,0.0,0.0,0.0,inf,0.0
ce,15.0,5.0,opposite_liquidity,True,10000,conservative,1,is,0,,,0.0,0.0,0.0,inf,0.0
ce,15.0,5.0,opposite_liquidity,True,10000,optimistic,1,is,0,,,0.0,0.0,0.0,inf,0.0
ce,15.0,8.0,2R,False,12,conservative,1,is,7,-266.2941714285715,-1.2970209668476027,-1864.0592000000001,1864.0592000000001,0.0,0.0,35050.0
ce,15.0,8.0,2R,False,12,optimistic,1,is,7,-266.2941714285715,-1.2970209668476027,-1864.0592000000001,1864.0592000000001,0.0,0.0,35050.0
ce,15.0,8.0,2R,False,24,conservative,1,is,7,-266.2941714285715,-1.2970209668476027,-1864.0592000000001,1864.0592000000001,0.0,0.0,35050.0
ce,15.0,8.0,2R,False,24,optimistic,1,is,7,-266.2941714285715,-1.2970209668476027,-1864.0592000000001,1864.0592000000001,0.0,0.0,35050.0
ce,15.0,8.0,2R,False,10000,conservative,1,is,7,-266.2941714285715,-1.2970209668476027,-1864.0592000000001,1864.0592000000001,0.0,0.0,35050.0
ce,15.0,8.0,2R,False,10000,optimistic,1,is,7,-266.2941714285715,-1.2970209668476027,-1864.0592000000001,1864.0592000000001,0.0,0.0,35050.0
ce,15.0,8.0,2R,True,12,conservative,1,is,0,,,0.0,0.0,0.0,inf,0.0
ce,15.0,8.0,2R,True,12,optimistic,1,is,0,,,0.0,0.0,0.0,inf,0.0
ce,15.0,8.0,2R,True,24,conservative,1,is,0,,,0.0,0.0,0.0,inf,0.0
ce,15.0,8.0,2R,True,24,optimistic,1,is,0,,,0.0,0.0,0.0,inf,0.0
ce,15.0,8.0,2R,True,10000,conservative,1,is,0,,,0.0,0.0,0.0,inf,0.0
ce,15.0,8.0,2R,True,10000,optimistic,1,is,0,,,0.0,0.0,0.0,inf,0.0
ce,15.0,8.0,opposite_liquidity,False,12,conservative,1,is,8,-216.77535,-1.0575978698011763,-1734.2028,1734.2028,0.125,0.06966323816325147,35050.0
ce,15.0,8.0,opposite_liquidity,False,12,optimistic,1,is,8,-216.77535,-1.0575978698011763,-1734.2028,1734.2028,0.125,0.06966323816325147,35050.0
ce,15.0,8.0,opposite_liquidity,False,24,conservative,1,is,8,-216.77535,-1.0575978698011763,-1734.2028,1734.2028,0.125,0.06966323816325147,35050.0
ce,15.0,8.0,opposite_liquidity,False,24,optimistic,1,is,8,-216.77535,-1.0575978698011763,-1734.2028,1734.2028,0.125,0.06966323816325147,35050.0
ce,15.0,8.0,opposite_liquidity,False,10000,conservative,1,is,8,-216.77535,-1.0575978698011763,-1734.2028,1734.2028,0.125,0.06966323816325147,35050.0
ce,15.0,8.0,opposite_liquidity,False,10000,optimistic,1,is,8,-216.77535,-1.0575978698011763,-1734.2028,1734.2028,0.125,0.06966323816325147,35050.0
ce,15.0,8.0,opposite_liquidity,True,12,conservative,1,is,0,,,0.0,0.0,0.0,inf,0.0
ce,15.0,8.0,opposite_liquidity,True,12,optimistic,1,is,0,,,0.0,0.0,0.0,inf,0.0
ce,15.0,8.0,opposite_liquidity,True,24,conservative,1,is,0,,,0.0,0.0,0.0,inf,0.0
ce,15.0,8.0,opposite_liquidity,True,24,optimistic,1,is,0,,,0.0,0.0,0.0,inf,0.0
ce,15.0,8.0,opposite_liquidity,True,10000,conservative,1,is,0,,,0.0,0.0,0.0,inf,0.0
ce,15.0,8.0,opposite_liquidity,True,10000,optimistic,1,is,0,,,0.0,0.0,0.0,inf,0.0
ce,20.0,3.0,2R,False,12,conservative,1,is,5,-141.38728,-0.7294713845755693,-706.9364,756.645,0.2,0.27626987672753645,35050.0
ce,20.0,3.0,2R,False,12,optimistic,1,is,5,-141.38728,-0.7294713845755693,-706.9364,756.645,0.2,0.27626987672753645,35050.0
ce,20.0,3.0,2R,False,24,conservative,1,is,5,-141.38728,-0.7294713845755693,-706.9364,756.645,0.2,0.27626987672753645,35050.0
ce,20.0,3.0,2R,False,24,optimistic,1,is,5,-141.38728,-0.7294713845755693,-706.9364,756.645,0.2,0.27626987672753645,35050.0
ce,20.0,3.0,2R,False,10000,conservative,1,is,5,-141.38728,-0.7294713845755693,-706.9364,756.645,0.2,0.27626987672753645,35050.0
ce,20.0,3.0,2R,False,10000,optimistic,1,is,5,-141.38728,-0.7294713845755693,-706.9364,756.645,0.2,0.27626987672753645,35050.0
ce,20.0,3.0,2R,True,12,conservative,1,is,0,,,0.0,0.0,0.0,inf,0.0
ce,20.0,3.0,2R,True,12,optimistic,1,is,0,,,0.0,0.0,0.0,inf,0.0
ce,20.0,3.0,2R,True,24,conservative,1,is,0,,,0.0,0.0,0.0,inf,0.0
ce,20.0,3.0,2R,True,24,optimistic,1,is,0,,,0.0,0.0,0.0,inf,0.0
ce,20.0,3.0,2R,True,10000,conservative,1,is,0,,,0.0,0.0,0.0,inf,0.0
ce,20.0,3.0,2R,True,10000,optimistic,1,is,0,,,0.0,0.0,0.0,inf,0.0
ce,20.0,3.0,opposite_liquidity,False,12,conservative,1,is,5,-169.38784,-0.9044748845755693,-846.9392,846.9392,0.2,0.1329412212749525,35050.0
ce,20.0,3.0,opposite_liquidity,False,12,optimistic,1,is,5,-169.38784,-0.9044748845755693,-846.9392,846.9392,0.2,0.1329412212749525,35050.0
ce,20.0,3.0,opposite_liquidity,False,24,conservative,1,is,5,-169.38784,-0.9044748845755693,-846.9392,846.9392,0.2,0.1329412212749525,35050.0
ce,20.0,3.0,opposite_liquidity,False,24,optimistic,1,is,5,-169.38784,-0.9044748845755693,-846.9392,846.9392,0.2,0.1329412212749525,35050.0
ce,20.0,3.0,opposite_liquidity,False,10000,conservative,1,is,5,-169.38784,-0.9044748845755693,-846.9392,846.9392,0.2,0.1329412212749525,35050.0
ce,20.0,3.0,opposite_liquidity,False,10000,optimistic,1,is,5,-169.38784,-0.9044748845755693,-846.9392,846.9392,0.2,0.1329412212749525,35050.0
ce,20.0,3.0,opposite_liquidity,True,12,conservative,1,is,0,,,0.0,0.0,0.0,inf,0.0
ce,20.0,3.0,opposite_liquidity,True,12,optimistic,1,is,0,,,0.0,0.0,0.0,inf,0.0
ce,20.0,3.0,opposite_liquidity,True,24,conservative,1,is,0,,,0.0,0.0,0.0,inf,0.0
ce,20.0,3.0,opposite_liquidity,True,24,optimistic,1,is,0,,,0.0,0.0,0.0,inf,0.0
ce,20.0,3.0,opposite_liquidity,True,10000,conservative,1,is,0,,,0.0,0.0,0.0,inf,0.0
ce,20.0,3.0,opposite_liquidity,True,10000,optimistic,1,is,0,,,0.0,0.0,0.0,inf,0.0
ce,20.0,5.0,2R,False,12,conservative,1,is,5,-149.38728,-0.6946241012077294,-746.9364,816.6454,0.2,0.29320690343002687,35050.0
ce,20.0,5.0,2R,False,12,optimistic,1,is,5,-149.38728,-0.6946241012077294,-746.9364,816.6454,0.2,0.29320690343002687,35050.0
ce,20.0,5.0,2R,False,24,conservative,1,is,5,-149.38728,-0.6946241012077294,-746.9364,816.6454,0.2,0.29320690343002687,35050.0
ce,20.0,5.0,2R,False,24,optimistic,1,is,5,-149.38728,-0.6946241012077294,-746.9364,816.6454,0.2,0.29320690343002687,35050.0
ce,20.0,5.0,2R,False,10000,conservative,1,is,5,-149.38728,-0.6946241012077294,-746.9364,816.6454,0.2,0.29320690343002687,35050.0
ce,20.0,5.0,2R,False,10000,optimistic,1,is,5,-149.38728,-0.6946241012077294,-746.9364,816.6454,0.2,0.29320690343002687,35050.0
ce,20.0,5.0,2R,True,12,conservative,1,is,0,,,0.0,0.0,0.0,inf,0.0
ce,20.0,5.0,2R,True,12,optimistic,1,is,0,,,0.0,0.0,0.0,inf,0.0
ce,20.0,5.0,2R,True,24,conservative,1,is,0,,,0.0,0.0,0.0,inf,0.0
ce,20.0,5.0,2R,True,24,optimistic,1,is,0,,,0.0,0.0,0.0,inf,0.0
ce,20.0,5.0,2R,True,10000,conservative,1,is,0,,,0.0,0.0,0.0,inf,0.0
ce,20.0,5.0,2R,True,10000,optimistic,1,is,0,,,0.0,0.0,0.0,inf,0.0
ce,20.0,5.0,opposite_liquidity,False,12,conservative,1,is,5,-185.388,-0.8946281012077295,-926.94,926.94,0.2,0.12287740571409972,35050.0
ce,20.0,5.0,opposite_liquidity,False,12,optimistic,1,is,5,-185.388,-0.8946281012077295,-926.94,926.94,0.2,0.12287740571409972,35050.0
ce,20.0,5.0,opposite_liquidity,False,24,conservative,1,is,5,-185.388,-0.8946281012077295,-926.94,926.94,0.2,0.12287740571409972,35050.0
ce,20.0,5.0,opposite_liquidity,False,24,optimistic,1,is,5,-185.388,-0.8946281012077295,-926.94,926.94,0.2,0.12287740571409972,35050.0
ce,20.0,5.0,opposite_liquidity,False,10000,conservative,1,is,5,-185.388,-0.8946281012077295,-926.94,926.94,0.2,0.12287740571409972,35050.0
ce,20.0,5.0,opposite_liquidity,False,10000,optimistic,1,is,5,-185.388,-0.8946281012077295,-926.94,926.94,0.2,0.12287740571409972,35050.0
ce,20.0,5.0,opposite_liquidity,True,12,conservative,1,is,0,,,0.0,0.0,0.0,inf,0.0
ce,20.0,5.0,opposite_liquidity,True,12,optimistic,1,is,0,,,0.0,0.0,0.0,inf,0.0
ce,20.0,5.0,opposite_liquidity,True,24,conservative,1,is,0,,,0.0,0.0,0.0,inf,0.0
ce,20.0,5.0,opposite_liquidity,True,24,optimistic,1,is,0,,,0.0,0.0,0.0,inf,0.0
ce,20.0,5.0,opposite_liquidity,True,10000,conservative,1,is,0,,,0.0,0.0,0.0,inf,0.0
ce,20.0,5.0,opposite_liquidity,True,10000,optimistic,1,is,0,,,0.0,0.0,0.0,inf,0.0
ce,20.0,8.0,2R,False,12,conservative,1,is,4,-294.19939999999997,-1.2584340714767688,-1176.7975999999999,1176.7975999999999,0.0,0.0,35050.0
ce,20.0,8.0,2R,False,12,optimistic,1,is,4,-294.19939999999997,-1.2584340714767688,-1176.7975999999999,1176.7975999999999,0.0,0.0,35050.0
ce,20.0,8.0,2R,False,24,conservative,1,is,4,-294.19939999999997,-1.2584340714767688,-1176.7975999999999,1176.7975999999999,0.0,0.0,35050.0
ce,20.0,8.0,2R,False,24,optimistic,1,is,4,-294.19939999999997,-1.2584340714767688,-1176.7975999999999,1176.7975999999999,0.0,0.0,35050.0
ce,20.0,8.0,2R,False,10000,conservative,1,is,4,-294.19939999999997,-1.2584340714767688,-1176.7975999999999,1176.7975999999999,0.0,0.0,35050.0
ce,20.0,8.0,2R,False,10000,optimistic,1,is,4,-294.19939999999997,-1.2584340714767688,-1176.7975999999999,1176.7975999999999,0.0,0.0,35050.0
ce,20.0,8.0,2R,True,12,conservative,1,is,0,,,0.0,0.0,0.0,inf,0.0
ce,20.0,8.0,2R,True,12,optimistic,1,is,0,,,0.0,0.0,0.0,inf,0.0
ce,20.0,8.0,2R,True,24,conservative,1,is,0,,,0.0,0.0,0.0,inf,0.0
ce,20.0,8.0,2R,True,24,optimistic,1,is,0,,,0.0,0.0,0.0,inf,0.0
ce,20.0,8.0,2R,True,10000,conservative,1,is,0,,,0.0,0.0,0.0,inf,0.0
ce,20.0,8.0,2R,True,10000,optimistic,1,is,0,,,0.0,0.0,0.0,inf,0.0
ce,20.0,8.0,opposite_liquidity,False,12,conservative,1,is,5,-209.38824,-0.8830744952766532,-1046.9412,1046.9412,0.2,0.1103472678734219,35050.0
ce,20.0,8.0,opposite_liquidity,False,12,optimistic,1,is,5,-209.38824,-0.8830744952766532,-1046.9412,1046.9412,0.2,0.1103472678734219,35050.0
ce,20.0,8.0,opposite_liquidity,False,24,conservative,1,is,5,-209.38824,-0.8830744952766532,-1046.9412,1046.9412,0.2,0.1103472678734219,35050.0
ce,20.0,8.0,opposite_liquidity,False,24,optimistic,1,is,5,-209.38824,-0.8830744952766532,-1046.9412,1046.9412,0.2,0.1103472678734219,35050.0
ce,20.0,8.0,opposite_liquidity,False,10000,conservative,1,is,5,-209.38824,-0.8830744952766532,-1046.9412,1046.9412,0.2,0.1103472678734219,35050.0
ce,20.0,8.0,opposite_liquidity,False,10000,optimistic,1,is,5,-209.38824,-0.8830744952766532,-1046.9412,1046.9412,0.2,0.1103472678734219,35050.0
ce,20.0,8.0,opposite_liquidity,True,12,conservative,1,is,0,,,0.0,0.0,0.0,inf,0.0
ce,20.0,8.0,opposite_liquidity,True,12,optimistic,1,is,0,,,0.0,0.0,0.0,inf,0.0
ce,20.0,8.0,opposite_liquidity,True,24,conservative,1,is,0,,,0.0,0.0,0.0,inf,0.0
ce,20.0,8.0,opposite_liquidity,True,24,optimistic,1,is,0,,,0.0,0.0,0.0,inf,0.0
ce,20.0,8.0,opposite_liquidity,True,10000,conservative,1,is,0,,,0.0,0.0,0.0,inf,0.0
ce,20.0,8.0,opposite_liquidity,True,10000,optimistic,1,is,0,,,0.0,0.0,0.0,inf,0.0
ce,30.0,3.0,2R,False,12,conservative,1,is,2,-278.679,-1.2672785507246376,-557.358,557.358,0.0,0.0,35050.0
ce,30.0,3.0,2R,False,12,optimistic,1,is,2,-278.679,-1.2672785507246376,-557.358,557.358,0.0,0.0,35050.0
ce,30.0,3.0,2R,False,24,conservative,1,is,2,-278.679,-1.2672785507246376,-557.358,557.358,0.0,0.0,35050.0
ce,30.0,3.0,2R,False,24,optimistic,1,is,2,-278.679,-1.2672785507246376,-557.358,557.358,0.0,0.0,35050.0
ce,30.0,3.0,2R,False,10000,conservative,1,is,2,-278.679,-1.2672785507246376,-557.358,557.358,0.0,0.0,35050.0
ce,30.0,3.0,2R,False,10000,optimistic,1,is,2,-278.679,-1.2672785507246376,-557.358,557.358,0.0,0.0,35050.0
ce,30.0,3.0,2R,True,12,conservative,1,is,0,,,0.0,0.0,0.0,inf,0.0
ce,30.0,3.0,2R,True,12,optimistic,1,is,0,,,0.0,0.0,0.0,inf,0.0
ce,30.0,3.0,2R,True,24,conservative,1,is,0,,,0.0,0.0,0.0,inf,0.0
ce,30.0,3.0,2R,True,24,optimistic,1,is,0,,,0.0,0.0,0.0,inf,0.0
ce,30.0,3.0,2R,True,10000,conservative,1,is,0,,,0.0,0.0,0.0,inf,0.0
ce,30.0,3.0,2R,True,10000,optimistic,1,is,0,,,0.0,0.0,0.0,inf,0.0
ce,30.0,3.0,opposite_liquidity,False,12,conservative,1,is,2,-278.679,-1.2672785507246376,-557.358,557.358,0.0,0.0,35050.0
ce,30.0,3.0,opposite_liquidity,False,12,optimistic,1,is,2,-278.679,-1.2672785507246376,-557.358,557.358,0.0,0.0,35050.0
ce,30.0,3.0,opposite_liquidity,False,24,conservative,1,is,2,-278.679,-1.2672785507246376,-557.358,557.358,0.0,0.0,35050.0
ce,30.0,3.0,opposite_liquidity,False,24,optimistic,1,is,2,-278.679,-1.2672785507246376,-557.358,557.358,0.0,0.0,35050.0
ce,30.0,3.0,opposite_liquidity,False,10000,conservative,1,is,2,-278.679,-1.2672785507246376,-557.358,557.358,0.0,0.0,35050.0
ce,30.0,3.0,opposite_liquidity,False,10000,optimistic,1,is,2,-278.679,-1.2672785507246376,-557.358,557.358,0.0,0.0,35050.0
ce,30.0,3.0,opposite_liquidity,True,12,conservative,1,is,0,,,0.0,0.0,0.0,inf,0.0
ce,30.0,3.0,opposite_liquidity,True,12,optimistic,1,is,0,,,0.0,0.0,0.0,inf,0.0
ce,30.0,3.0,opposite_liquidity,True,24,conservative,1,is,0,,,0.0,0.0,0.0,inf,0.0
ce,30.0,3.0,opposite_liquidity,True,24,optimistic,1,is,0,,,0.0,0.0,0.0,inf,0.0
ce,30.0,3.0,opposite_liquidity,True,10000,conservative,1,is,0,,,0.0,0.0,0.0,inf,0.0
ce,30.0,3.0,opposite_liquidity,True,10000,optimistic,1,is,0,,,0.0,0.0,0.0,inf,0.0
ce,30.0,5.0,2R,False,12,conservative,1,is,2,-298.6794,-1.244925739130435,-597.3588,597.3588,0.0,0.0,35050.0
ce,30.0,5.0,2R,False,12,optimistic,1,is,2,-298.6794,-1.244925739130435,-597.3588,597.3588,0.0,0.0,35050.0
ce,30.0,5.0,2R,False,24,conservative,1,is,2,-298.6794,-1.244925739130435,-597.3588,597.3588,0.0,0.0,35050.0
ce,30.0,5.0,2R,False,24,optimistic,1,is,2,-298.6794,-1.244925739130435,-597.3588,597.3588,0.0,0.0,35050.0
ce,30.0,5.0,2R,False,10000,conservative,1,is,2,-298.6794,-1.244925739130435,-597.3588,597.3588,0.0,0.0,35050.0
ce,30.0,5.0,2R,False,10000,optimistic,1,is,2,-298.6794,-1.244925739130435,-597.3588,597.3588,0.0,0.0,35050.0
ce,30.0,5.0,2R,True,12,conservative,1,is,0,,,0.0,0.0,0.0,inf,0.0
ce,30.0,5.0,2R,True,12,optimistic,1,is,0,,,0.0,0.0,0.0,inf,0.0
ce,30.0,5.0,2R,True,24,conservative,1,is,0,,,0.0,0.0,0.0,inf,0.0
ce,30.0,5.0,2R,True,24,optimistic,1,is,0,,,0.0,0.0,0.0,inf,0.0
ce,30.0,5.0,2R,True,10000,conservative,1,is,0,,,0.0,0.0,0.0,inf,0.0
ce,30.0,5.0,2R,True,10000,optimistic,1,is,0,,,0.0,0.0,0.0,inf,0.0
ce,30.0,5.0,opposite_liquidity,False,12,conservative,1,is,2,-298.6794,-1.244925739130435,-597.3588,597.3588,0.0,0.0,35050.0
ce,30.0,5.0,opposite_liquidity,False,12,optimistic,1,is,2,-298.6794,-1.244925739130435,-597.3588,597.3588,0.0,0.0,35050.0
ce,30.0,5.0,opposite_liquidity,False,24,conservative,1,is,2,-298.6794,-1.244925739130435,-597.3588,597.3588,0.0,0.0,35050.0
ce,30.0,5.0,opposite_liquidity,False,24,optimistic,1,is,2,-298.6794,-1.244925739130435,-597.3588,597.3588,0.0,0.0,35050.0
ce,30.0,5.0,opposite_liquidity,False,10000,conservative,1,is,2,-298.6794,-1.244925739130435,-597.3588,597.3588,0.0,0.0,35050.0
ce,30.0,5.0,opposite_liquidity,False,10000,optimistic,1,is,2,-298.6794,-1.244925739130435,-597.3588,597.3588,0.0,0.0,35050.0
ce,30.0,5.0,opposite_liquidity,True,12,conservative,1,is,0,,,0.0,0.0,0.0,inf,0.0
ce,30.0,5.0,opposite_liquidity,True,12,optimistic,1,is,0,,,0.0,0.0,0.0,inf,0.0
ce,30.0,5.0,opposite_liquidity,True,24,conservative,1,is,0,,,0.0,0.0,0.0,inf,0.0
ce,30.0,5.0,opposite_liquidity,True,24,optimistic,1,is,0,,,0.0,0.0,0.0,inf,0.0
ce,30.0,5.0,opposite_liquidity,True,10000,conservative,1,is,0,,,0.0,0.0,0.0,inf,0.0
ce,30.0,5.0,opposite_liquidity,True,10000,optimistic,1,is,0,,,0.0,0.0,0.0,inf,0.0
ce,30.0,8.0,2R,False,12,conservative,1,is,2,-328.68,-1.2176342582417583,-657.36,657.36,0.0,0.0,35050.0
ce,30.0,8.0,2R,False,12,optimistic,1,is,2,-328.68,-1.2176342582417583,-657.36,657.36,0.0,0.0,35050.0
ce,30.0,8.0,2R,False,24,conservative,1,is,2,-328.68,-1.2176342582417583,-657.36,657.36,0.0,0.0,35050.0
ce,30.0,8.0,2R,False,24,optimistic,1,is,2,-328.68,-1.2176342582417583,-657.36,657.36,0.0,0.0,35050.0
ce,30.0,8.0,2R,False,10000,conservative,1,is,2,-328.68,-1.2176342582417583,-657.36,657.36,0.0,0.0,35050.0
ce,30.0,8.0,2R,False,10000,optimistic,1,is,2,-328.68,-1.2176342582417583,-657.36,657.36,0.0,0.0,35050.0
ce,30.0,8.0,2R,True,12,conservative,1,is,0,,,0.0,0.0,0.0,inf,0.0
ce,30.0,8.0,2R,True,12,optimistic,1,is,0,,,0.0,0.0,0.0,inf,0.0
ce,30.0,8.0,2R,True,24,conservative,1,is,0,,,0.0,0.0,0.0,inf,0.0
ce,30.0,8.0,2R,True,24,optimistic,1,is,0,,,0.0,0.0,0.0,inf,0.0
ce,30.0,8.0,2R,True,10000,conservative,1,is,0,,,0.0,0.0,0.0,inf,0.0
ce,30.0,8.0,2R,True,10000,optimistic,1,is,0,,,0.0,0.0,0.0,inf,0.0
ce,30.0,8.0,opposite_liquidity,False,12,conservative,1,is,2,-328.68,-1.2176342582417583,-657.36,657.36,0.0,0.0,35050.0
ce,30.0,8.0,opposite_liquidity,False,12,optimistic,1,is,2,-328.68,-1.2176342582417583,-657.36,657.36,0.0,0.0,35050.0
ce,30.0,8.0,opposite_liquidity,False,24,conservative,1,is,2,-328.68,-1.2176342582417583,-657.36,657.36,0.0,0.0,35050.0
ce,30.0,8.0,opposite_liquidity,False,24,optimistic,1,is,2,-328.68,-1.2176342582417583,-657.36,657.36,0.0,0.0,35050.0
ce,30.0,8.0,opposite_liquidity,False,10000,conservative,1,is,2,-328.68,-1.2176342582417583,-657.36,657.36,0.0,0.0,35050.0
ce,30.0,8.0,opposite_liquidity,False,10000,optimistic,1,is,2,-328.68,-1.2176342582417583,-657.36,657.36,0.0,0.0,35050.0
ce,30.0,8.0,opposite_liquidity,True,12,conservative,1,is,0,,,0.0,0.0,0.0,inf,0.0
ce,30.0,8.0,opposite_liquidity,True,12,optimistic,1,is,0,,,0.0,0.0,0.0,inf,0.0
ce,30.0,8.0,opposite_liquidity,True,24,conservative,1,is,0,,,0.0,0.0,0.0,inf,0.0
ce,30.0,8.0,opposite_liquidity,True,24,optimistic,1,is,0,,,0.0,0.0,0.0,inf,0.0
ce,30.0,8.0,opposite_liquidity,True,10000,conservative,1,is,0,,,0.0,0.0,0.0,inf,0.0
ce,30.0,8.0,opposite_liquidity,True,10000,optimistic,1,is,0,,,0.0,0.0,0.0,inf,0.0
